deferred_key,run_version,source_ref,source_type,source_candidate_type,artist_display_name,title,year,storefront,deferred_reason,candidate_count,best_score,error_message,raw_payload_persisted
album_sidecar_album:album|2baba|grass 2 grace:album_variant_no_safe_match,apple_music_album_variant_pass_v1,album|2baba|grass 2 grace,album_sidecar_album,album,2Baba,Grass 2 Grace,2006,us,album_variant_no_safe_match,21,42,,false
album_sidecar_album:album|a ap rocky|long live a ap:album_variant_no_safe_match,apple_music_album_variant_pass_v1,album|a ap rocky|long live a ap,album_sidecar_album,album,A$AP Rocky,Long.Live.A$AP,2013,us,album_variant_no_safe_match,22,115,,false
album_sidecar_album:album|a tribe called quest|people s instinctive travels and the paths of rhythm:album_variant_no_safe_match,apple_music_album_variant_pass_v1,album|a tribe called quest|people s instinctive travels and the paths of rhythm,album_sidecar_album,album,A Tribe Called Quest,People's Instinctive Travels and the Paths of Rhythm,1990,us,album_variant_no_safe_match,16,116,,false
album_sidecar_album:album|ali farka toure and ry cooder|talking timbuktu:album_variant_no_safe_match,apple_music_album_variant_pass_v1,album|ali farka toure and ry cooder|talking timbuktu,album_sidecar_album,album,Ali Farka Toure and Ry Cooder,Talking Timbuktu,1994,us,album_variant_no_safe_match,1,66,,false
album_sidecar_album:album|allman brothers band|at fillmore east:album_variant_no_safe_match,apple_music_album_variant_pass_v1,album|allman brothers band|at fillmore east,album_sidecar_album,album,The Allman Brothers Band,At Fillmore East,1971,us,album_variant_no_safe_match,26,66,,false
album_sidecar_album:album|andrae crouch|live in london:album_variant_no_safe_match,apple_music_album_variant_pass_v1,album|andrae crouch|live in london,album_sidecar_album,album,Andrae Crouch,Live in London,1978,us,album_variant_no_safe_match,16,54,,false
album_sidecar_album:album|animals|animals:album_variant_no_safe_match,apple_music_album_variant_pass_v1,album|animals|animals,album_sidecar_album,album,The Animals,The Animals,1964,us,album_variant_no_safe_match,23,109,,false
album_sidecar_album:album|aretha franklin|amazing grace:album_variant_no_safe_match,apple_music_album_variant_pass_v1,album|aretha franklin|amazing grace,album_sidecar_album,album,Aretha Franklin,Amazing Grace,1972,us,album_variant_no_safe_match,26,66,,false
album_sidecar_album:album|bad brains|bad brains:album_variant_no_safe_match,apple_music_album_variant_pass_v1,album|bad brains|bad brains,album_sidecar_album,album,Bad Brains,Bad Brains,1982,us,album_variant_no_safe_match,15,60,,false
album_sidecar_album:album|beach boys|surfin u s a:album_variant_no_safe_match,apple_music_album_variant_pass_v1,album|beach boys|surfin u s a,album_sidecar_album,album,The Beach Boys,Surfin' U.S.A.,1963,us,album_variant_no_safe_match,29,106,,false
album_sidecar_album:album|beat|beat:album_variant_no_safe_match,apple_music_album_variant_pass_v1,album|beat|beat,album_sidecar_album,album,The Beat,The Beat,1979,us,album_variant_no_safe_match,23,144,,false
album_sidecar_album:album|bethel music|we will not be shaken:album_variant_no_safe_match,apple_music_album_variant_pass_v1,album|bethel music|we will not be shaken,album_sidecar_album,album,Bethel Music,We Will Not Be Shaken,2015,us,album_variant_no_safe_match,26,120,,false
album_sidecar_album:album|big black|songs about fucking:album_variant_no_safe_match,apple_music_album_variant_pass_v1,album|big black|songs about fucking,album_sidecar_album,album,Big Black,Songs About Fucking,1987,us,album_variant_no_safe_match,15,109,,false
album_sidecar_album:album|bikini kill|pussy whipped:album_variant_no_safe_match,apple_music_album_variant_pass_v1,album|bikini kill|pussy whipped,album_sidecar_album,album,Bikini Kill,Pussy Whipped,1993,us,album_variant_no_safe_match,15,114,,false
album_sidecar_album:album|bill evans trio|waltz for debby:album_variant_no_safe_match,apple_music_album_variant_pass_v1,album|bill evans trio|waltz for debby,album_sidecar_album,album,Bill Evans Trio,Waltz for Debby,1962,us,album_variant_no_safe_match,31,93,,false
album_sidecar_album:album|bing crosby|merry christmas:album_variant_no_safe_match,apple_music_album_variant_pass_v1,album|bing crosby|merry christmas,album_sidecar_album,album,Bing Crosby,Merry Christmas,1945,us,album_variant_no_safe_match,35,72,,false
album_sidecar_album:album|brent faiyaz|fuck the world:album_variant_no_safe_match,apple_music_album_variant_pass_v1,album|brent faiyaz|fuck the world,album_sidecar_album,album,Brent Faiyaz,Fuck the World,2020,us,album_variant_no_safe_match,26,93,,false
album_sidecar_album:album|bsd u|late night bumps:album_variant_no_safe_match,apple_music_album_variant_pass_v1,album|bsd u|late night bumps,album_sidecar_album,album,bsd.u,Late Night Bumps,2014,us,album_variant_no_safe_match,15,90,,false
album_sidecar_album:album|buck owens|carnegie hall concert:album_variant_no_safe_match,apple_music_album_variant_pass_v1,album|buck owens|carnegie hall concert,album_sidecar_album,album,Buck Owens,Carnegie Hall Concert,1966,us,album_variant_no_safe_match,15,58,,false
album_sidecar_album:album|buena vista social club|buena vista social club presents ibrahim ferrer:album_variant_no_safe_match,apple_music_album_variant_pass_v1,album|buena vista social club|buena vista social club presents ibrahim ferrer,album_sidecar_album,album,Buena Vista Social Club,Buena Vista Social Club Presents Ibrahim Ferrer,1999,us,album_variant_no_safe_match,2,90,,false
album_sidecar_album:album|captain beefheart and his magic band|trout mask replica:album_variant_no_safe_match,apple_music_album_variant_pass_v1,album|captain beefheart and his magic band|trout mask replica,album_sidecar_album,album,Captain Beefheart & His Magic Band,Trout Mask Replica,1969,us,album_variant_no_safe_match,15,34,,false
album_sidecar_album:album|cheap trick|cheap trick at budokan:album_variant_no_safe_match,apple_music_album_variant_pass_v1,album|cheap trick|cheap trick at budokan,album_sidecar_album,album,Cheap Trick,Cheap Trick at Budokan,1978,us,album_variant_no_safe_match,8,77,,false
album_sidecar_album:album|chiffons|chiffons:album_variant_no_safe_match,apple_music_album_variant_pass_v1,album|chiffons|chiffons,album_sidecar_album,album,The Chiffons,The Chiffons,1963,us,album_variant_no_safe_match,21,88,,false
album_sidecar_album:album|collins kids|hop skip and jump:album_variant_no_safe_match,apple_music_album_variant_pass_v1,album|collins kids|hop skip and jump,album_sidecar_album,album,The Collins Kids,"Hop, Skip and Jump",1991,us,album_variant_no_safe_match,15,43,,false
album_sidecar_album:album|crests|best of the crests:album_variant_no_safe_match,apple_music_album_variant_pass_v1,album|crests|best of the crests,album_sidecar_album,album,The Crests,The Best of the Crests,1962,us,album_variant_no_safe_match,40,24,,false
album_sidecar_album:album|curtis mayfield|super fly:album_variant_no_safe_match,apple_music_album_variant_pass_v1,album|curtis mayfield|super fly,album_sidecar_album,album,Curtis Mayfield,Super Fly,1972,us,album_variant_no_safe_match,24,67,,false
album_sidecar_album:album|curve|doppelganger:album_variant_no_safe_match,apple_music_album_variant_pass_v1,album|curve|doppelganger,album_sidecar_album,album,Curve,Doppelganger,1992,us,album_variant_no_safe_match,15,50,,false
album_sidecar_album:album|danny elfman|batman:album_variant_no_safe_match,apple_music_album_variant_pass_v1,album|danny elfman|batman,album_sidecar_album,album,Danny Elfman,Batman,1989,us,album_variant_no_safe_match,28,87,,false
album_sidecar_album:album|def leppard|vault def leppard greatest hits 1980 1995:album_variant_no_safe_match,apple_music_album_variant_pass_v1,album|def leppard|vault def leppard greatest hits 1980 1995,album_sidecar_album,album,Def Leppard,Vault: Def Leppard Greatest Hits 1980-1995,1995,us,album_variant_no_safe_match,17,98,,false
album_sidecar_album:album|dinosaur jr|youre living all over me:album_variant_no_safe_match,apple_music_album_variant_pass_v1,album|dinosaur jr|youre living all over me,album_sidecar_album,album,Dinosaur Jr.,Youre Living All Over Me,1987,us,album_variant_no_safe_match,17,107,,false
album_sidecar_album:album|disclosure|caracal:album_variant_no_safe_match,apple_music_album_variant_pass_v1,album|disclosure|caracal,album_sidecar_album,album,Disclosure,Caracal,2015,us,album_variant_no_safe_match,15,100,,false
album_sidecar_album:album|disclosure|settle:album_variant_no_safe_match,apple_music_album_variant_pass_v1,album|disclosure|settle,album_sidecar_album,album,Disclosure,Settle,2013,us,album_variant_no_safe_match,19,117,,false
album_sidecar_album:album|dj quik|safe sound:album_variant_no_safe_match,apple_music_album_variant_pass_v1,album|dj quik|safe sound,album_sidecar_album,album,DJ Quik,Safe + Sound,1995,us,album_variant_no_safe_match,21,94,,false
album_sidecar_album:album|dna|a taste of dna:album_variant_no_safe_match,apple_music_album_variant_pass_v1,album|dna|a taste of dna,album_sidecar_album,album,DNA,A Taste of DNA,1981,us,album_variant_no_safe_match,6,0,,false
album_sidecar_album:album|donovan|wear your love like heaven:album_variant_no_safe_match,apple_music_album_variant_pass_v1,album|donovan|wear your love like heaven,album_sidecar_album,album,Donovan,Wear Your Love Like Heaven,1967,us,album_variant_no_safe_match,16,45,,false
album_sidecar_album:album|drake|take care:album_variant_no_safe_match,apple_music_album_variant_pass_v1,album|drake|take care,album_sidecar_album,album,Drake,Take Care,2011,us,album_variant_no_safe_match,29,117,,false
album_sidecar_album:album|duke ellington|ellington at newport:album_variant_no_safe_match,apple_music_album_variant_pass_v1,album|duke ellington|ellington at newport,album_sidecar_album,album,Duke Ellington,Ellington at Newport,1956,us,album_variant_no_safe_match,5,121,,false
album_sidecar_album:album|eevee|seeds:album_variant_no_safe_match,apple_music_album_variant_pass_v1,album|eevee|seeds,album_sidecar_album,album,eevee,Seeds,2017,us,album_variant_no_safe_match,15,55,,false
album_sidecar_album:album|el gran combo de puerto rico|aqui no se sienta nadie:album_variant_no_safe_match,apple_music_album_variant_pass_v1,album|el gran combo de puerto rico|aqui no se sienta nadie,album_sidecar_album,album,El Gran Combo de Puerto Rico,Aqui No Se Sienta Nadie,1979,us,album_variant_no_safe_match,15,114,,false
album_sidecar_album:album|el p|fantastic damage:album_variant_no_safe_match,apple_music_album_variant_pass_v1,album|el p|fantastic damage,album_sidecar_album,album,El-P,Fantastic Damage,2002,us,album_variant_no_safe_match,10,101,,false
album_sidecar_album:album|exo|war:album_variant_no_safe_match,apple_music_album_variant_pass_v1,album|exo|war,album_sidecar_album,album,EXO,The War,2017,us,album_variant_no_safe_match,28,114,,false
album_sidecar_album:album|fania all stars|live at the cheetah vol 1:album_variant_no_safe_match,apple_music_album_variant_pass_v1,album|fania all stars|live at the cheetah vol 1,album_sidecar_album,album,Fania All-Stars,"Live at the Cheetah, Vol. 1",1972,us,album_variant_no_safe_match,6,66,,false
album_sidecar_album:album|fats domino|this is fats domino:album_variant_no_safe_match,apple_music_album_variant_pass_v1,album|fats domino|this is fats domino,album_sidecar_album,album,Fats Domino,This Is Fats Domino!,1956,us,album_variant_no_safe_match,10,94,,false
album_sidecar_album:album|flatlanders|more a legend than a band:album_variant_no_safe_match,apple_music_album_variant_pass_v1,album|flatlanders|more a legend than a band,album_sidecar_album,album,The Flatlanders,More a Legend Than a Band,1990,us,album_variant_no_safe_match,12,8,,false
album_sidecar_album:album|frank sinatra|come fly with me:album_variant_no_safe_match,apple_music_album_variant_pass_v1,album|frank sinatra|come fly with me,album_sidecar_album,album,Frank Sinatra,Come Fly with Me,1958,us,album_variant_no_safe_match,34,78,,false
album_sidecar_album:album|frank zappa|lumpy gravy:album_variant_no_safe_match,apple_music_album_variant_pass_v1,album|frank zappa|lumpy gravy,album_sidecar_album,album,Frank Zappa,Lumpy Gravy,1968,us,album_variant_no_safe_match,4,62,,false
album_sidecar_album:album|fred neil|bleecker and macdougal:album_variant_no_safe_match,apple_music_album_variant_pass_v1,album|fred neil|bleecker and macdougal,album_sidecar_album,album,Fred Neil,Bleecker & MacDougal,1965,us,album_variant_no_safe_match,1,114,,false
album_sidecar_album:album|fugs|it crawled into my hand honest:album_variant_no_safe_match,apple_music_album_variant_pass_v1,album|fugs|it crawled into my hand honest,album_sidecar_album,album,The Fugs,"It Crawled Into My Hand, Honest",1968,us,album_variant_no_safe_match,1,0,,false
album_sidecar_album:album|funkadelic|one nation under a groove:album_variant_no_safe_match,apple_music_album_variant_pass_v1,album|funkadelic|one nation under a groove,album_sidecar_album,album,Funkadelic,One Nation Under a Groove,1978,us,album_variant_no_safe_match,18,66,,false
album_sidecar_album:album|garth brooks|no fences:album_variant_no_safe_match,apple_music_album_variant_pass_v1,album|garth brooks|no fences,album_sidecar_album,album,Garth Brooks,No Fences,1990,us,album_variant_no_safe_match,32,46,,false
album_sidecar_album:album|garth brooks|ropin the wind:album_variant_no_safe_match,apple_music_album_variant_pass_v1,album|garth brooks|ropin the wind,album_sidecar_album,album,Garth Brooks,Ropin' the Wind,1991,us,album_variant_no_safe_match,16,46,,false
album_sidecar_album:album|gene vincent|bluejean bop:album_variant_no_safe_match,apple_music_album_variant_pass_v1,album|gene vincent|bluejean bop,album_sidecar_album,album,Gene Vincent,Bluejean Bop!,1958,us,album_variant_no_safe_match,3,72,,false
album_sidecar_album:album|gene vincent|gene vincent and his blue caps:album_variant_no_safe_match,apple_music_album_variant_pass_v1,album|gene vincent|gene vincent and his blue caps,album_sidecar_album,album,Gene Vincent,Gene Vincent and His Blue Caps,1957,us,album_variant_no_safe_match,8,49,,false
album_sidecar_album:album|genesis|foxtrot:album_variant_no_safe_match,apple_music_album_variant_pass_v1,album|genesis|foxtrot,album_sidecar_album,album,Genesis,Foxtrot,1972,us,album_variant_no_safe_match,15,100,,false
album_sidecar_album:album|genesis|selling england by the pound:album_variant_no_safe_match,apple_music_album_variant_pass_v1,album|genesis|selling england by the pound,album_sidecar_album,album,Genesis,Selling England by the Pound,1973,us,album_variant_no_safe_match,7,91,,false
album_sidecar_album:album|grateful dead|live dead:album_variant_no_safe_match,apple_music_album_variant_pass_v1,album|grateful dead|live dead,album_sidecar_album,album,Grateful Dead,Live/Dead,1969,us,album_variant_no_safe_match,29,82,,false
album_sidecar_album:album|hall and oates|private eyes:album_variant_no_safe_match,apple_music_album_variant_pass_v1,album|hall and oates|private eyes,album_sidecar_album,album,Hall & Oates,Private Eyes,1981,us,album_variant_no_safe_match,29,120,,false
album_sidecar_album:album|hanoi rocks|two steps from the move:album_variant_no_safe_match,apple_music_album_variant_pass_v1,album|hanoi rocks|two steps from the move,album_sidecar_album,album,Hanoi Rocks,Two Steps from the Move,1984,us,album_variant_no_safe_match,15,22,,false
album_sidecar_album:album|harptones|life is but a dream:album_variant_no_safe_match,apple_music_album_variant_pass_v1,album|harptones|life is but a dream,album_sidecar_album,album,The Harptones,Life Is But a Dream,1990,us,album_variant_no_safe_match,18,70,,false
album_sidecar_album:album|idealism|rainy evening:album_variant_no_safe_match,apple_music_album_variant_pass_v1,album|idealism|rainy evening,album_sidecar_album,album,idealism,rainy evening,2016,us,album_variant_no_safe_match,15,116,,false
album_sidecar_album:album|idle race|birthday party:album_variant_no_safe_match,apple_music_album_variant_pass_v1,album|idle race|birthday party,album_sidecar_album,album,The Idle Race,The Birthday Party,1968,us,album_variant_no_safe_match,15,50,,false
album_sidecar_album:album|jackie wilson|mr excitement:album_variant_no_safe_match,apple_music_album_variant_pass_v1,album|jackie wilson|mr excitement,album_sidecar_album,album,Jackie Wilson,Mr. Excitement!,1962,us,album_variant_no_safe_match,17,71,,false
album_sidecar_album:album|james brown|live at the apollo:album_variant_no_safe_match,apple_music_album_variant_pass_v1,album|james brown|live at the apollo,album_sidecar_album,album,James Brown,Live at the Apollo,1963,us,album_variant_no_safe_match,33,74,,false
album_sidecar_album:album|jeff mills|waveform transmission vol 1:album_variant_no_safe_match,apple_music_album_variant_pass_v1,album|jeff mills|waveform transmission vol 1,album_sidecar_album,album,Jeff Mills,Waveform Transmission Vol. 1,1992,us,album_variant_no_safe_match,4,32,,false
album_sidecar_album:album|jerry jeff walker|viva terlingua:album_variant_no_safe_match,apple_music_album_variant_pass_v1,album|jerry jeff walker|viva terlingua,album_sidecar_album,album,Jerry Jeff Walker,Viva Terlingua,1973,us,album_variant_no_safe_match,3,66,,false
album_sidecar_album:album|jesus culture|your love never fails:album_variant_no_safe_match,apple_music_album_variant_pass_v1,album|jesus culture|your love never fails,album_sidecar_album,album,Jesus Culture,Your Love Never Fails,2008,us,album_variant_no_safe_match,22,66,,false
album_sidecar_album:album|jethro tull|thick as a brick:album_variant_no_safe_match,apple_music_album_variant_pass_v1,album|jethro tull|thick as a brick,album_sidecar_album,album,Jethro Tull,Thick as a Brick,1972,us,album_variant_no_safe_match,17,66,,false
album_sidecar_album:album|joan baez|in concert:album_variant_no_safe_match,apple_music_album_variant_pass_v1,album|joan baez|in concert,album_sidecar_album,album,Joan Baez,In Concert,1962,us,album_variant_no_safe_match,29,78,,false
album_sidecar_album:album|joff bush|bluey the album:album_variant_no_safe_match,apple_music_album_variant_pass_v1,album|joff bush|bluey the album,album_sidecar_album,album,Joff Bush,Bluey: The Album,2021,us,album_variant_no_safe_match,20,68,,false
album_sidecar_album:album|john williams|star wars:album_variant_no_safe_match,apple_music_album_variant_pass_v1,album|john williams|star wars,album_sidecar_album,album,John Williams,Star Wars,1977,us,album_variant_no_safe_match,26,114,,false
album_sidecar_album:album|johnny cash|at folsom prison:album_variant_no_safe_match,apple_music_album_variant_pass_v1,album|johnny cash|at folsom prison,album_sidecar_album,album,Johnny Cash,At Folsom Prison,1968,us,album_variant_no_safe_match,30,66,,false
album_sidecar_album:album|jungle brothers|done by the forces of nature:album_variant_no_safe_match,apple_music_album_variant_pass_v1,album|jungle brothers|done by the forces of nature,album_sidecar_album,album,Jungle Brothers,Done by the Forces of Nature,1989,us,album_variant_no_safe_match,2,34,,false
album_sidecar_album:album|justice|cross:album_variant_no_safe_match,apple_music_album_variant_pass_v1,album|justice|cross,album_sidecar_album,album,Justice,Cross,2007,us,album_variant_no_safe_match,35,64,,false
album_sidecar_album:album|kathy young and the innocents|a thousand stars:album_variant_no_safe_match,apple_music_album_variant_pass_v1,album|kathy young and the innocents|a thousand stars,album_sidecar_album,album,Kathy Young & The Innocents,A Thousand Stars,1961,us,album_variant_no_safe_match,18,65,,false
album_sidecar_album:album|kesha|animal:album_variant_no_safe_match,apple_music_album_variant_pass_v1,album|kesha|animal,album_sidecar_album,album,Kesha,Animal,2010,us,album_variant_no_safe_match,32,74,,false
album_sidecar_album:album|kidz bop|kidz bop:album_variant_no_safe_match,apple_music_album_variant_pass_v1,album|kidz bop|kidz bop,album_sidecar_album,album,Kidz Bop,Kidz Bop,2001,us,album_variant_no_safe_match,17,86,,false
album_sidecar_album:album|kirk franklin|god s property:album_variant_no_safe_match,apple_music_album_variant_pass_v1,album|kirk franklin|god s property,album_sidecar_album,album,Kirk Franklin,God's Property,1997,us,album_variant_no_safe_match,29,90,,false
album_sidecar_album:album|kiss|alive:album_variant_no_safe_match,apple_music_album_variant_pass_v1,album|kiss|alive,album_sidecar_album,album,Kiss,Alive!,1975,us,album_variant_no_safe_match,38,66,,false
album_sidecar_album:album|kraftwerk|trans europe express:album_variant_no_safe_match,apple_music_album_variant_pass_v1,album|kraftwerk|trans europe express,album_sidecar_album,album,Kraftwerk,Trans-Europe Express,1977,us,album_variant_no_safe_match,15,109,,false
album_sidecar_album:album|kruder and dorfmeister|kandd sessions:album_variant_no_safe_match,apple_music_album_variant_pass_v1,album|kruder and dorfmeister|kandd sessions,album_sidecar_album,album,Kruder & Dorfmeister,The K&D Sessions,1998,us,album_variant_no_safe_match,29,66,,false
album_sidecar_album:album|kurtis blow|tough:album_variant_no_safe_match,apple_music_album_variant_pass_v1,album|kurtis blow|tough,album_sidecar_album,album,Kurtis Blow,Tough,1982,us,album_variant_no_safe_match,17,52,,false
album_sidecar_album:album|lana del rey|norman fucking rockwell:album_variant_no_safe_match,apple_music_album_variant_pass_v1,album|lana del rey|norman fucking rockwell,album_sidecar_album,album,Lana Del Rey,Norman Fucking Rockwell!,2019,us,album_variant_no_safe_match,12,104,,false
album_sidecar_album:album|lang lang|chopin album:album_variant_no_safe_match,apple_music_album_variant_pass_v1,album|lang lang|chopin album,album_sidecar_album,album,Lang Lang,The Chopin Album,2012,us,album_variant_no_safe_match,25,95,,false
album_sidecar_album:album|larry heard|sceneries not songs volume one:album_variant_no_safe_match,apple_music_album_variant_pass_v1,album|larry heard|sceneries not songs volume one,album_sidecar_album,album,Larry Heard,"Sceneries Not Songs, Volume One",1994,us,album_variant_no_safe_match,1,98,,false
album_sidecar_album:album|link wray|link wray and the wraymen:album_variant_no_safe_match,apple_music_album_variant_pass_v1,album|link wray|link wray and the wraymen,album_sidecar_album,album,Link Wray,Link Wray & the Wraymen,1960,us,album_variant_no_safe_match,3,94,,false
album_sidecar_album:album|little feat|waiting for columbus:album_variant_no_safe_match,apple_music_album_variant_pass_v1,album|little feat|waiting for columbus,album_sidecar_album,album,Little Feat,Waiting for Columbus,1978,us,album_variant_no_safe_match,4,66,,false
album_sidecar_album:album|little river band|greatest hits:album_variant_no_safe_match,apple_music_album_variant_pass_v1,album|little river band|greatest hits,album_sidecar_album,album,Little River Band,Greatest Hits,1982,us,album_variant_no_safe_match,38,106,,false
album_sidecar_album:album|ll cool j|bigger and deffer:album_variant_no_safe_match,apple_music_album_variant_pass_v1,album|ll cool j|bigger and deffer,album_sidecar_album,album,LL Cool J,Bigger and Deffer,1987,us,album_variant_no_safe_match,1,30,,false
album_sidecar_album:album|ll cool j|radio:album_variant_no_safe_match,apple_music_album_variant_pass_v1,album|ll cool j|radio,album_sidecar_album,album,LL Cool J,Radio,1985,us,album_variant_no_safe_match,37,42,,false
album_sidecar_album:album|lydia lunch|queen of siam:album_variant_no_safe_match,apple_music_album_variant_pass_v1,album|lydia lunch|queen of siam,album_sidecar_album,album,Lydia Lunch,Queen of Siam,1980,us,album_variant_no_safe_match,15,42,,false
album_sidecar_album:album|mahalia jackson|world s greatest gospel singer:album_variant_no_safe_match,apple_music_album_variant_pass_v1,album|mahalia jackson|world s greatest gospel singer,album_sidecar_album,album,Mahalia Jackson,The World's Greatest Gospel Singer,1955,us,album_variant_no_safe_match,36,56,,false
album_sidecar_album:album|major lance|monkey time:album_variant_no_safe_match,apple_music_album_variant_pass_v1,album|major lance|monkey time,album_sidecar_album,album,Major Lance,The Monkey Time,1963,us,album_variant_no_safe_match,20,68,,false
album_sidecar_album:album|mammoth wvh|mammoth wvh:album_variant_no_safe_match,apple_music_album_variant_pass_v1,album|mammoth wvh|mammoth wvh,album_sidecar_album,album,Mammoth WVH,Mammoth WVH,2021,us,album_variant_no_safe_match,16,29,,false
album_sidecar_album:album|massive attack|blue lines:album_variant_no_safe_match,apple_music_album_variant_pass_v1,album|massive attack|blue lines,album_sidecar_album,album,Massive Attack,Blue Lines,1991,us,album_variant_no_safe_match,19,74,,false
album_sidecar_album:album|maverick city music|maverick city vol 3 part 1:album_variant_no_safe_match,apple_music_album_variant_pass_v1,album|maverick city music|maverick city vol 3 part 1,album_sidecar_album,album,Maverick City Music,Maverick City Vol. 3 Part 1,2020,us,album_variant_no_safe_match,16,50,,false
album_sidecar_album:album|megadeth|peace sells but who is buying:album_variant_no_safe_match,apple_music_album_variant_pass_v1,album|megadeth|peace sells but who is buying,album_sidecar_album,album,Megadeth,Peace Sells... but Who is Buying?,1986,us,album_variant_no_safe_match,8,97,,false
album_sidecar_album:album|minor threat|complete discography:album_variant_no_safe_match,apple_music_album_variant_pass_v1,album|minor threat|complete discography,album_sidecar_album,album,Minor Threat,Complete Discography,1989,us,album_variant_no_safe_match,28,78,,false
album_sidecar_album:album|misfits|walk among us:album_variant_no_safe_match,apple_music_album_variant_pass_v1,album|misfits|walk among us,album_sidecar_album,album,Misfits,Walk Among Us,1982,us,album_variant_no_safe_match,20,51,,false
album_sidecar_album:album|moby grape|moby grape:album_variant_no_safe_match,apple_music_album_variant_pass_v1,album|moby grape|moby grape,album_sidecar_album,album,Moby Grape,Moby Grape,1967,us,album_variant_no_safe_match,9,79,,false
album_sidecar_album:album|monks|black monk time:album_variant_no_safe_match,apple_music_album_variant_pass_v1,album|monks|black monk time,album_sidecar_album,album,The Monks,Black Monk Time,1966,us,album_variant_no_safe_match,31,67,,false
album_sidecar_album:album|motorhead|no sleep til hammersmith:album_variant_no_safe_match,apple_music_album_variant_pass_v1,album|motorhead|no sleep til hammersmith,album_sidecar_album,album,Motorhead,No Sleep 'til Hammersmith,1981,us,album_variant_no_safe_match,4,66,,false
album_sidecar_album:album|move|move:album_variant_no_safe_match,apple_music_album_variant_pass_v1,album|move|move,album_sidecar_album,album,The Move,The Move,1968,us,album_variant_no_safe_match,25,42,,false
album_sidecar_album:album|my bloody valentine|loveless:album_variant_no_safe_match,apple_music_album_variant_pass_v1,album|my bloody valentine|loveless,album_sidecar_album,album,My Bloody Valentine,Loveless,1991,us,album_variant_no_safe_match,21,120,,false
album_sidecar_album:album|neil diamond|hot august night:album_variant_no_safe_match,apple_music_album_variant_pass_v1,album|neil diamond|hot august night,album_sidecar_album,album,Neil Diamond,Hot August Night,1972,us,album_variant_no_safe_match,26,70,,false
album_sidecar_album:album|nirvana uk|story of simon simopath:album_variant_no_safe_match,apple_music_album_variant_pass_v1,album|nirvana uk|story of simon simopath,album_sidecar_album,album,Nirvana (UK),The Story of Simon Simopath,1967,us,album_variant_no_safe_match,0,0,,false
album_sidecar_album:album|odetta|odetta at carnegie hall:album_variant_no_safe_match,apple_music_album_variant_pass_v1,album|odetta|odetta at carnegie hall,album_sidecar_album,album,Odetta,Odetta at Carnegie Hall,1960,us,album_variant_no_safe_match,1,12,,false
album_sidecar_album:album|original broadway cast of a chorus line|a chorus line:album_variant_no_safe_match,apple_music_album_variant_pass_v1,album|original broadway cast of a chorus line|a chorus line,album_sidecar_album,album,Original Broadway Cast of A Chorus Line,A Chorus Line,1975,us,album_variant_no_safe_match,27,150,,false
album_sidecar_album:album|original broadway cast of cabaret|cabaret:album_variant_no_safe_match,apple_music_album_variant_pass_v1,album|original broadway cast of cabaret|cabaret,album_sidecar_album,album,Original Broadway Cast of Cabaret,Cabaret,1966,us,album_variant_no_safe_match,19,133,,false
album_sidecar_album:album|original broadway cast of fiddler on the roof|fiddler on the roof:album_variant_no_safe_match,apple_music_album_variant_pass_v1,album|original broadway cast of fiddler on the roof|fiddler on the roof,album_sidecar_album,album,Original Broadway Cast of Fiddler on the Roof,Fiddler on the Roof,1964,us,album_variant_no_safe_match,18,144,,false
album_sidecar_album:album|original broadway cast of guys and dolls|guys and dolls:album_variant_no_safe_match,apple_music_album_variant_pass_v1,album|original broadway cast of guys and dolls|guys and dolls,album_sidecar_album,album,Original Broadway Cast of Guys and Dolls,Guys and Dolls,1950,us,album_variant_no_safe_match,24,125,,false
album_sidecar_album:album|original broadway cast of gypsy|gypsy:album_variant_no_safe_match,apple_music_album_variant_pass_v1,album|original broadway cast of gypsy|gypsy,album_sidecar_album,album,Original Broadway Cast of Gypsy,Gypsy,1959,us,album_variant_no_safe_match,24,66,,false
album_sidecar_album:album|original broadway cast of into the woods|into the woods:album_variant_no_safe_match,apple_music_album_variant_pass_v1,album|original broadway cast of into the woods|into the woods,album_sidecar_album,album,Original Broadway Cast of Into the Woods,Into the Woods,1988,us,album_variant_no_safe_match,24,136,,false
album_sidecar_album:album|original broadway cast of oklahoma|oklahoma:album_variant_no_safe_match,apple_music_album_variant_pass_v1,album|original broadway cast of oklahoma|oklahoma,album_sidecar_album,album,Original Broadway Cast of Oklahoma!,Oklahoma!,1943,us,album_variant_no_safe_match,26,116,,false
album_sidecar_album:album|original broadway cast of south pacific|south pacific:album_variant_no_safe_match,apple_music_album_variant_pass_v1,album|original broadway cast of south pacific|south pacific,album_sidecar_album,album,Original Broadway Cast of South Pacific,South Pacific,1949,us,album_variant_no_safe_match,22,127,,false
album_sidecar_album:album|original broadway cast of the sound of music|sound of music:album_variant_no_safe_match,apple_music_album_variant_pass_v1,album|original broadway cast of the sound of music|sound of music,album_sidecar_album,album,Original Broadway Cast of The Sound of Music,The Sound of Music,1959,us,album_variant_no_safe_match,23,140,,false
album_sidecar_album:album|original broadway cast of west side story|west side story:album_variant_no_safe_match,apple_music_album_variant_pass_v1,album|original broadway cast of west side story|west side story,album_sidecar_album,album,Original Broadway Cast of West Side Story,West Side Story,1957,us,album_variant_no_safe_match,22,126,,false
album_sidecar_album:album|original london cast of les miserables|les miserables:album_variant_no_safe_match,apple_music_album_variant_pass_v1,album|original london cast of les miserables|les miserables,album_sidecar_album,album,Original London Cast of Les Miserables,Les Miserables,1985,us,album_variant_no_safe_match,21,139,,false
album_sidecar_album:album|oscar d leon|el oscar de la salsa:album_variant_no_safe_match,apple_music_album_variant_pass_v1,album|oscar d leon|el oscar de la salsa,album_sidecar_album,album,Oscar D'Leon,El Oscar de la Salsa,1975,us,album_variant_no_safe_match,30,50,,false
album_sidecar_album:album|paris sisters|paris sisters:album_variant_no_safe_match,apple_music_album_variant_pass_v1,album|paris sisters|paris sisters,album_sidecar_album,album,The Paris Sisters,The Paris Sisters,1961,us,album_variant_no_safe_match,15,46,,false
album_sidecar_album:album|patsy cline|showcase:album_variant_no_safe_match,apple_music_album_variant_pass_v1,album|patsy cline|showcase,album_sidecar_album,album,Patsy Cline,Showcase,1961,us,album_variant_no_safe_match,15,66,,false
album_sidecar_album:album|paul anka|paul anka:album_variant_no_safe_match,apple_music_album_variant_pass_v1,album|paul anka|paul anka,album_sidecar_album,album,Paul Anka,Paul Anka,1958,us,album_variant_no_safe_match,16,74,,false
album_sidecar_album:album|peter gabriel|passion:album_variant_no_safe_match,apple_music_album_variant_pass_v1,album|peter gabriel|passion,album_sidecar_album,album,Peter Gabriel,Passion,1989,us,album_variant_no_safe_match,23,77,,false
album_sidecar_album:album|peter paul and mary|if i had a hammer:album_variant_no_safe_match,apple_music_album_variant_pass_v1,album|peter paul and mary|if i had a hammer,album_sidecar_album,album,"Peter, Paul and Mary",If I Had a Hammer,1962,us,album_variant_no_safe_match,29,69,,false
album_sidecar_album:album|phil collins|tarzan:album_variant_no_safe_match,apple_music_album_variant_pass_v1,album|phil collins|tarzan,album_sidecar_album,album,Phil Collins,Tarzan,1999,us,album_variant_no_safe_match,24,58,,false
album_sidecar_album:album|phil spector various artists|back to mono 1958 1969:album_variant_no_safe_match,apple_music_album_variant_pass_v1,album|phil spector various artists|back to mono 1958 1969,album_sidecar_album,album,Phil Spector / Various Artists,Back to Mono (1958-1969),1991,us,album_variant_no_safe_match,19,64,,false
album_sidecar_album:album|platters|encore of golden hits:album_variant_no_safe_match,apple_music_album_variant_pass_v1,album|platters|encore of golden hits,album_sidecar_album,album,The Platters,Encore of Golden Hits,1960,us,album_variant_no_safe_match,45,100,,false
album_sidecar_album:album|public image ltd|metal box:album_variant_no_safe_match,apple_music_album_variant_pass_v1,album|public image ltd|metal box,album_sidecar_album,album,Public Image Ltd,Metal Box,1979,us,album_variant_no_safe_match,29,107,,false
album_sidecar_album:album|puff daddy and the family|no way out:album_variant_no_safe_match,apple_music_album_variant_pass_v1,album|puff daddy and the family|no way out,album_sidecar_album,album,Puff Daddy and the Family,No Way Out,1997,us,album_variant_no_safe_match,32,98,,false
album_sidecar_album:album|randy newman|toy story:album_variant_no_safe_match,apple_music_album_variant_pass_v1,album|randy newman|toy story,album_sidecar_album,album,Randy Newman,Toy Story,1995,us,album_variant_no_safe_match,24,116,,false
album_sidecar_album:album|ray stevens|ray stevens greatest hits:album_variant_no_safe_match,apple_music_album_variant_pass_v1,album|ray stevens|ray stevens greatest hits,album_sidecar_album,album,Ray Stevens,Ray Stevens' Greatest Hits,1987,us,album_variant_no_safe_match,30,48,,false
album_sidecar_album:album|reagan youth|youth anthems for the new order:album_variant_no_safe_match,apple_music_album_variant_pass_v1,album|reagan youth|youth anthems for the new order,album_sidecar_album,album,Reagan Youth,Youth Anthems for the New Order,1984,us,album_variant_no_safe_match,1,96,,false
album_sidecar_album:album|red krayola|parable of arable land:album_variant_no_safe_match,apple_music_album_variant_pass_v1,album|red krayola|parable of arable land,album_sidecar_album,album,Red Krayola,The Parable of Arable Land,1967,us,album_variant_no_safe_match,5,116,,false
album_sidecar_album:album|renaissance|scheherazade and other stories:album_variant_no_safe_match,apple_music_album_variant_pass_v1,album|renaissance|scheherazade and other stories,album_sidecar_album,album,Renaissance,Scheherazade and Other Stories,1975,us,album_variant_no_safe_match,4,115,,false
album_sidecar_album:album|revels|intoxica:album_variant_no_safe_match,apple_music_album_variant_pass_v1,album|revels|intoxica,album_sidecar_album,album,The Revels,Intoxica!!!,1995,us,album_variant_no_safe_match,15,60,,false
album_sidecar_album:album|rip chords|hey little cobra and other hot rod hits:album_variant_no_safe_match,apple_music_album_variant_pass_v1,album|rip chords|hey little cobra and other hot rod hits,album_sidecar_album,album,The Rip Chords,Hey Little Cobra and Other Hot Rod Hits,1964,us,album_variant_no_safe_match,18,128,,false
album_sidecar_album:album|rossington collins band|anytime anyplace anywhere:album_variant_no_safe_match,apple_music_album_variant_pass_v1,album|rossington collins band|anytime anyplace anywhere,album_sidecar_album,album,Rossington Collins Band,"Anytime, Anyplace, Anywhere",1980,us,album_variant_no_safe_match,17,63,,false
album_sidecar_album:album|rush|2112:album_variant_no_safe_match,apple_music_album_variant_pass_v1,album|rush|2112,album_sidecar_album,album,Rush,2112,1976,us,album_variant_no_safe_match,30,103,,false
album_sidecar_album:album|santo and johnny|santo and johnny:album_variant_no_safe_match,apple_music_album_variant_pass_v1,album|santo and johnny|santo and johnny,album_sidecar_album,album,Santo & Johnny,Santo & Johnny,1959,us,album_variant_no_safe_match,15,74,,false
album_sidecar_album:album|scratch acid|greatest gift:album_variant_no_safe_match,apple_music_album_variant_pass_v1,album|scratch acid|greatest gift,album_sidecar_album,album,Scratch Acid,The Greatest Gift,1991,us,album_variant_no_safe_match,16,45,,false
album_sidecar_album:album|sham 69|tell us the truth:album_variant_no_safe_match,apple_music_album_variant_pass_v1,album|sham 69|tell us the truth,album_sidecar_album,album,Sham 69,Tell Us the Truth,1978,us,album_variant_no_safe_match,15,47,,false
album_sidecar_album:album|siouxsie and the banshees|juju:album_variant_no_safe_match,apple_music_album_variant_pass_v1,album|siouxsie and the banshees|juju,album_sidecar_album,album,Siouxsie and the Banshees,Juju,1981,us,album_variant_no_safe_match,30,106,,false
album_sidecar_album:album|slayyyter|starfucker:album_variant_no_safe_match,apple_music_album_variant_pass_v1,album|slayyyter|starfucker,album_sidecar_album,album,Slayyyter,STARFUCKER,2023,us,album_variant_no_safe_match,15,114,,false
album_sidecar_album:album|soft machine|volume two:album_variant_no_safe_match,apple_music_album_variant_pass_v1,album|soft machine|volume two,album_sidecar_album,album,Soft Machine,Volume Two,1969,us,album_variant_no_safe_match,42,86,,false
album_sidecar_album:album|sound|from the lions mouth:album_variant_no_safe_match,apple_music_album_variant_pass_v1,album|sound|from the lions mouth,album_sidecar_album,album,The Sound,From the Lions Mouth,1981,us,album_variant_no_safe_match,29,114,,false
album_sidecar_album:album|spirit|spirit:album_variant_no_safe_match,apple_music_album_variant_pass_v1,album|spirit|spirit,album_sidecar_album,album,Spirit,Spirit,1968,us,album_variant_no_safe_match,22,50,,false
album_sidecar_album:album|sugarhill gang|sugarhill gang:album_variant_no_safe_match,apple_music_album_variant_pass_v1,album|sugarhill gang|sugarhill gang,album_sidecar_album,album,The Sugarhill Gang,Sugarhill Gang,1980,us,album_variant_no_safe_match,18,58,,false
album_sidecar_album:album|tommy james and the shondells|cellophane symphony:album_variant_no_safe_match,apple_music_album_variant_pass_v1,album|tommy james and the shondells|cellophane symphony,album_sidecar_album,album,Tommy James and the Shondells,Cellophane Symphony,1969,us,album_variant_no_safe_match,0,0,,false
album_sidecar_album:album|various artists|aladdin:album_variant_no_safe_match,apple_music_album_variant_pass_v1,album|various artists|aladdin,album_sidecar_album,album,Various Artists,Aladdin,1992,us,album_variant_no_safe_match,20,119,,false
album_sidecar_album:album|various artists|atlantic rhythm and blues 1947 1974:album_variant_no_safe_match,apple_music_album_variant_pass_v1,album|various artists|atlantic rhythm and blues 1947 1974,album_sidecar_album,album,Various Artists,Atlantic Rhythm and Blues 1947-1974,1985,us,album_variant_no_safe_match,16,24,,false
album_sidecar_album:album|various artists|beauty and the beast:album_variant_no_safe_match,apple_music_album_variant_pass_v1,album|various artists|beauty and the beast,album_sidecar_album,album,Various Artists,Beauty and the Beast,1991,us,album_variant_no_safe_match,37,74,,false
album_sidecar_album:album|various artists|crow:album_variant_no_safe_match,apple_music_album_variant_pass_v1,album|various artists|crow,album_sidecar_album,album,Various Artists,The Crow,1994,us,album_variant_no_safe_match,60,66,,false
album_sidecar_album:album|various artists|dirty dancing:album_variant_no_safe_match,apple_music_album_variant_pass_v1,album|various artists|dirty dancing,album_sidecar_album,album,Various Artists,Dirty Dancing,1987,us,album_variant_no_safe_match,27,88,,false
album_sidecar_album:album|various artists|doo wop box:album_variant_no_safe_match,apple_music_album_variant_pass_v1,album|various artists|doo wop box,album_sidecar_album,album,Various Artists,The Doo Wop Box,1993,us,album_variant_no_safe_match,32,49,,false
album_sidecar_album:album|various artists|dr demento 20th anniversary collection:album_variant_no_safe_match,apple_music_album_variant_pass_v1,album|various artists|dr demento 20th anniversary collection,album_sidecar_album,album,Various Artists,Dr. Demento 20th Anniversary Collection,1991,us,album_variant_no_safe_match,37,29,,false
album_sidecar_album:album|various artists|forrest gump:album_variant_no_safe_match,apple_music_album_variant_pass_v1,album|various artists|forrest gump,album_sidecar_album,album,Various Artists,Forrest Gump,1994,us,album_variant_no_safe_match,30,68,,false
album_sidecar_album:album|various artists|frozen:album_variant_no_safe_match,apple_music_album_variant_pass_v1,album|various artists|frozen,album_sidecar_album,album,Various Artists,Frozen,2013,us,album_variant_no_safe_match,25,86,,false
album_sidecar_album:album|various artists|garden state:album_variant_no_safe_match,apple_music_album_variant_pass_v1,album|various artists|garden state,album_sidecar_album,album,Various Artists,Garden State,2004,us,album_variant_no_safe_match,30,79,,false
album_sidecar_album:album|various artists|guardians of the galaxy awesome mix vol 1:album_variant_no_safe_match,apple_music_album_variant_pass_v1,album|various artists|guardians of the galaxy awesome mix vol 1,album_sidecar_album,album,Various Artists,Guardians of the Galaxy: Awesome Mix Vol. 1,2014,us,album_variant_no_safe_match,27,150,,false
album_sidecar_album:album|various artists|hercules:album_variant_no_safe_match,apple_music_album_variant_pass_v1,album|various artists|hercules,album_sidecar_album,album,Various Artists,Hercules,1997,us,album_variant_no_safe_match,28,62,,false
album_sidecar_album:album|various artists|hunchback of notre dame:album_variant_no_safe_match,apple_music_album_variant_pass_v1,album|various artists|hunchback of notre dame,album_sidecar_album,album,Various Artists,The Hunchback of Notre Dame,1996,us,album_variant_no_safe_match,25,136,,false
album_sidecar_album:album|various artists|jock jams volume 1:album_variant_no_safe_match,apple_music_album_variant_pass_v1,album|various artists|jock jams volume 1,album_sidecar_album,album,Various Artists,"Jock Jams, Volume 1",1995,us,album_variant_no_safe_match,28,46,,false
album_sidecar_album:album|various artists|lion king:album_variant_no_safe_match,apple_music_album_variant_pass_v1,album|various artists|lion king,album_sidecar_album,album,Various Artists,The Lion King,1994,us,album_variant_no_safe_match,37,136,,false
album_sidecar_album:album|various artists|mary poppins:album_variant_no_safe_match,apple_music_album_variant_pass_v1,album|various artists|mary poppins,album_sidecar_album,album,Various Artists,Mary Poppins,1964,us,album_variant_no_safe_match,24,132,,false
album_sidecar_album:album|various artists|matrix:album_variant_no_safe_match,apple_music_album_variant_pass_v1,album|various artists|matrix,album_sidecar_album,album,Various Artists,The Matrix,1999,us,album_variant_no_safe_match,42,66,,false
album_sidecar_album:album|various artists|moana:album_variant_no_safe_match,apple_music_album_variant_pass_v1,album|various artists|moana,album_sidecar_album,album,Various Artists,Moana,2016,us,album_variant_no_safe_match,30,76,,false
album_sidecar_album:album|various artists|now that s what i call christmas:album_variant_no_safe_match,apple_music_album_variant_pass_v1,album|various artists|now that s what i call christmas,album_sidecar_album,album,Various Artists,Now That's What I Call Christmas!,2001,us,album_variant_no_safe_match,47,64,,false
album_sidecar_album:album|various artists|pulp fiction:album_variant_no_safe_match,apple_music_album_variant_pass_v1,album|various artists|pulp fiction,album_sidecar_album,album,Various Artists,Pulp Fiction,1994,us,album_variant_no_safe_match,19,114,,false
album_sidecar_album:album|various artists|romeo juliet:album_variant_no_safe_match,apple_music_album_variant_pass_v1,album|various artists|romeo juliet,album_sidecar_album,album,Various Artists,Romeo + Juliet,1996,us,album_variant_no_safe_match,45,66,,false
album_sidecar_album:album|various artists|saturday night fever:album_variant_no_safe_match,apple_music_album_variant_pass_v1,album|various artists|saturday night fever,album_sidecar_album,album,Various Artists,Saturday Night Fever,1977,us,album_variant_no_safe_match,22,78,,false
album_sidecar_album:album|various artists|singles:album_variant_no_safe_match,apple_music_album_variant_pass_v1,album|various artists|singles,album_sidecar_album,album,Various Artists,Singles,1992,us,album_variant_no_safe_match,62,74,,false
album_sidecar_album:album|various artists|surf age nuggets:album_variant_no_safe_match,apple_music_album_variant_pass_v1,album|various artists|surf age nuggets,album_sidecar_album,album,Various Artists,Surf-Age Nuggets,1996,us,album_variant_no_safe_match,2,125,,false
album_sidecar_album:album|various artists|tangled:album_variant_no_safe_match,apple_music_album_variant_pass_v1,album|various artists|tangled,album_sidecar_album,album,Various Artists,Tangled,2010,us,album_variant_no_safe_match,27,74,,false
album_sidecar_album:album|various artists|trainspotting:album_variant_no_safe_match,apple_music_album_variant_pass_v1,album|various artists|trainspotting,album_sidecar_album,album,Various Artists,Trainspotting,1996,us,album_variant_no_safe_match,17,74,,false
album_sidecar_album:album|various artists|twilight:album_variant_no_safe_match,apple_music_album_variant_pass_v1,album|various artists|twilight,album_sidecar_album,album,Various Artists,Twilight,2008,us,album_variant_no_safe_match,25,79,,false
album_sidecar_album:album|vicente fernandez|un azteca en el azteca:album_variant_no_safe_match,apple_music_album_variant_pass_v1,album|vicente fernandez|un azteca en el azteca,album_sidecar_album,album,Vicente Fernandez,Un Azteca en el Azteca,2016,us,album_variant_no_safe_match,18,58,,false
album_sidecar_album:album|wiggles|big red car:album_variant_no_safe_match,apple_music_album_variant_pass_v1,album|wiggles|big red car,album_sidecar_album,album,The Wiggles,Big Red Car,1995,us,album_variant_no_safe_match,27,95,,false
album_sidecar_album:album|x ray spex|germfree adolescents:album_variant_no_safe_match,apple_music_album_variant_pass_v1,album|x ray spex|germfree adolescents,album_sidecar_album,album,X-Ray Spex,Germfree Adolescents,1978,us,album_variant_no_safe_match,6,102,,false
album_sidecar_album:album|yo yo ma|bach cello suites:album_variant_no_safe_match,apple_music_album_variant_pass_v1,album|yo yo ma|bach cello suites,album_sidecar_album,album,Yo-Yo Ma,Bach: Cello Suites,1983,us,album_variant_no_safe_match,19,66,,false
