archetype_id,family_number,archetype,high_traffic,effective_target,effective_mission_count_before_pass_c,effective_mission_count_after_pass_c,pm_approved_multi_membership_credit,effective_mission_count_after_pass_d,effective_gap_after_pass_d,playable_songs_after_pass_d,albums_after_pass_d,artist_anchors_after_pass_d,boundary_after_pass_d,false_nearby_after_pass_d,context_candidates_after_pass_d,risky_unresolved_after_pass_d,pass_d_status
001,1,Early Rock & Roll Foundations,false,60,72,72,0,72,0,54,18,35,4,0,0,14,mission_effective_ready
002,1,Rockabilly / Primitive Guitar / Proto-Garage,false,60,61,61,0,61,0,45,16,33,8,0,0,8,mission_effective_ready
003,1,Doo-Wop / Vocal Group Oldies,false,60,54,60,0,60,0,43,15,37,5,0,0,12,mission_effective_ready
004,1,Teen Idol / Early Pop-Rock Radio,false,60,58,60,1,61,0,45,15,34,5,0,0,10,mission_effective_ready
005,1,Brill Building / Girl Group / Early 60s Pop Craft,false,60,55,60,0,60,0,42,16,34,5,1,0,12,mission_effective_ready
006,1,Early Soul-Pop / R&B Crossover,false,60,58,60,1,61,0,41,18,39,3,0,0,16,mission_effective_ready
007,1,Surf / Instrumental / Early Guitar Pop,false,60,57,60,0,60,0,40,19,35,3,0,0,14,mission_effective_ready
008,2,British Invasion / Core UK Beat Groups,true,80,47,86,0,86,0,71,7,12,11,2,2,2,mission_effective_ready
009,2,Jangle Pop / Folk-Rock Precursor,true,80,51,86,0,86,0,67,10,8,10,4,2,1,mission_effective_ready
010,2,Folk-Rock / Harmony Pop / 60s Songcraft,true,80,52,86,0,86,0,60,18,7,12,2,2,1,mission_effective_ready
011,2,Garage Rock / Nuggets / Proto-Punk Singles,true,80,53,86,0,86,0,68,11,5,6,4,1,2,mission_effective_ready
012,2,Baroque Pop / Chamber Pop / Artful 60s Pop,true,80,54,86,0,86,0,61,17,5,9,3,0,1,mission_effective_ready
013,2,Psychedelic Pop / Sunshine Pop / Late-60s Pop-Rock,true,80,53,86,0,86,0,59,18,3,13,5,0,4,mission_effective_ready
014,2,Heavy Psych / Blues-Rock / Acid Rock,true,80,52,86,0,86,0,64,17,7,5,2,0,1,mission_effective_ready
015,2,Art-Rock / Proto-Alternative / Freak Underground,true,80,55,86,0,86,0,54,27,4,18,1,0,1,mission_effective_ready
016,3,Classic Rock / Album-Rock Spine,false,60,40,66,0,66,0,39,21,21,8,2,0,2,mission_effective_ready
017,3,Hard Rock / Riff Rock / Proto-Metal,false,60,40,66,0,66,0,40,21,20,7,1,0,0,mission_effective_ready
018,3,Progressive Rock / Art-Prog Canon,false,60,41,66,0,66,0,39,23,21,14,1,0,1,mission_effective_ready
019,3,Southern Rock / Roots Jam Rock,false,60,39,66,0,66,0,41,21,20,10,2,0,1,mission_effective_ready
020,3,Glam Rock / Theatrical Seventies Rock,false,60,39,66,0,66,0,41,21,20,6,3,0,1,mission_effective_ready
021,3,Power Pop / Melodic Guitar Pop,false,60,39,66,0,66,0,42,20,21,4,2,0,0,mission_effective_ready
022,3,Soft Rock / AM Gold / Adult Pop,false,60,36,66,0,66,0,46,16,22,3,2,0,4,mission_effective_ready
023,3,Yacht Rock / Smooth Studio Pop,false,60,38,66,0,66,0,42,20,20,7,5,0,2,mission_effective_ready
024,4,Classic singer-songwriter,true,80,36,80,0,80,0,52,21,22,6,3,0,2,mission_effective_ready
025,4,Piano pop and adult songcraft,true,80,37,80,0,80,0,50,23,20,10,2,0,3,mission_effective_ready
026,4,Folk revival and protest folk,true,80,35,80,0,80,0,51,19,22,9,4,0,5,mission_effective_ready
027,4,Country-folk and Americana roots,true,80,37,80,0,80,0,51,22,21,9,1,0,3,mission_effective_ready
028,4,Alt-country and No Depression,true,80,39,80,0,80,0,50,22,21,12,1,0,1,mission_effective_ready
029,4,Adult alternative and coffeehouse songcraft,true,80,40,80,0,80,0,51,22,21,5,3,0,0,mission_effective_ready
030,4,Modern indie folk and folk-pop,true,80,39,80,0,80,0,51,23,21,7,2,0,2,mission_effective_ready
031,5,Classic Country / Honky-Tonk / Nashville Foundations,true,80,35,80,0,80,0,57,14,18,12,2,0,7,mission_effective_ready
032,5,Outlaw Country / Cosmic Country,true,80,36,80,0,80,0,48,18,16,14,4,0,8,mission_effective_ready
033,5,Country-Pop / Crossover Country,true,80,37,80,0,80,0,53,14,15,8,5,0,8,mission_effective_ready
034,5,90s Country Radio / Hat Acts / New Traditionalists,true,80,37,80,0,80,0,54,16,23,12,0,0,0,mission_effective_ready
035,5,Modern Country Radio / Bro-Country / Arena Country,true,80,38,80,0,80,0,51,16,21,12,4,0,1,mission_effective_ready
036,5,Red Dirt / Americana Country / Texas Country,true,80,29,80,0,80,0,51,17,18,14,0,0,13,mission_effective_ready
037,6,Motown / Detroit Soul Pop,true,80,36,80,0,80,0,62,12,13,3,5,0,11,mission_effective_ready
038,6,Southern Soul / Stax / Muscle Shoals,true,80,36,80,0,80,0,60,14,15,5,4,0,9,mission_effective_ready
039,6,Funk / Psychedelic Soul / Groove Canon,true,80,36,80,0,80,0,60,14,15,6,3,0,9,mission_effective_ready
040,6,Disco / Dancefloor 70s,true,80,37,80,0,80,0,58,16,14,5,2,0,10,mission_effective_ready
041,6,Quiet Storm / Smooth R&B / Adult Soul,true,80,35,80,0,80,0,60,14,15,5,4,0,10,mission_effective_ready
042,6,New Jack Swing / 80s-90s R&B Pop,true,80,39,80,0,80,0,60,15,21,4,1,0,0,mission_effective_ready
043,6,Neo-Soul / Conscious R&B,true,80,36,80,0,80,0,58,16,17,7,1,0,7,mission_effective_ready
044,6,Modern R&B / Alt-R&B / Bedroom R&B,true,100,39,100,0,100,0,74,18,18,9,3,0,3,mission_effective_ready
045,7,Old-School Hip-Hop / Electro-Rap Foundations,true,80,37,80,0,80,0,52,17,14,11,4,0,9,mission_effective_ready
046,7,Golden Age Hip-Hop / Conscious / Native Tongues,true,80,38,80,0,80,0,49,22,15,9,1,0,7,mission_effective_ready
047,7,Gangsta Rap / West Coast / G-Funk,true,80,41,80,0,80,0,49,20,14,16,1,0,5,mission_effective_ready
048,7,East Coast 90s / Boom Bap / Street Canon,true,80,41,80,0,80,0,52,23,10,5,0,0,9,mission_effective_ready
049,7,Southern Hip-Hop / Crunk / Trap Foundations,true,100,43,100,0,100,0,59,23,15,12,8,0,2,mission_effective_ready
050,7,Pop-Rap / Mainstream Hip-Hop Crossover,true,100,45,102,4,106,0,60,22,15,18,15,0,3,mission_effective_ready
051,7,Alternative / Experimental / Indie Rap,true,80,37,80,2,82,0,47,19,16,29,1,0,7,mission_effective_ready
052,7,Modern Trap / Streaming-Era Rap,true,100,49,100,0,100,0,63,20,14,22,1,0,0,mission_effective_ready
053,8,First-Wave Punk / 70s Punk,true,80,38,80,0,80,0,58,22,16,1,0,0,6,mission_effective_ready
054,8,CBGB / Art-Punk / Downtown New York,true,80,36,80,0,80,0,62,18,11,6,0,0,13,mission_effective_ready
055,8,Hardcore Punk / US 80s Hardcore,true,80,36,80,0,80,0,58,22,14,5,0,0,10,mission_effective_ready
056,8,Post-Punk / Dark Melodic / Gothic Roots,true,80,34,80,0,80,0,60,20,18,0,0,0,8,mission_effective_ready
057,8,New Wave / MTV Pop-Rock,true,80,39,80,0,80,0,58,22,17,0,0,0,4,mission_effective_ready
058,8,Synthpop / New Romantic / 80s Electronic Pop,true,80,35,80,0,80,0,60,20,17,0,0,0,8,mission_effective_ready
059,8,College Rock / Pre-Alternative 80s,true,80,36,80,0,80,0,59,21,15,2,0,0,9,mission_effective_ready
060,8,Noise Rock / Post-Hardcore / Touch and Go Axis,true,80,37,80,0,80,0,58,22,17,5,1,0,6,mission_effective_ready
061,9,Traditional Heavy Metal / NWOBHM,false,60,42,66,0,66,0,38,21,17,9,0,0,1,mission_effective_ready
062,9,Thrash Metal / Speed Metal,false,60,46,66,0,66,0,42,20,14,7,0,0,0,mission_effective_ready
063,9,Glam Metal / Hair Metal / Pop Metal,false,60,42,66,0,66,0,40,21,17,9,5,0,1,mission_effective_ready
064,9,Doom / Stoner / Desert Heavy,false,60,40,66,0,66,0,39,23,17,7,0,0,3,mission_effective_ready
065,9,Industrial Metal / Machine Rock,false,60,39,66,0,66,0,39,23,15,8,2,0,7,mission_effective_ready
066,9,Alt-Metal / Nu-Metal / Rap-Metal,false,60,49,66,0,66,0,39,23,20,8,7,0,0,mission_effective_ready
067,9,Metalcore / Emo-Heavy / Modern Active Rock,false,60,45,66,0,66,0,40,22,22,14,2,0,0,mission_effective_ready
068,9,Extreme Metal Gateway / Black-Death-Sludge,false,60,47,66,0,66,0,36,26,18,14,0,0,0,mission_effective_ready
069,10,1980s Alternative Source-Code / Pre-Grunge,true,80,31,80,0,80,0,51,23,16,8,1,0,13,mission_effective_ready
070,10,Grunge / Seattle / 90s Alt Center,true,100,35,100,0,100,0,64,28,13,7,3,0,12,mission_effective_ready
071,10,Post-Grunge / Modern Rock Radio,true,100,30,100,0,100,0,66,25,14,6,15,0,16,mission_effective_ready
072,10,90s Indie / Lo-Fi / Slacker / Matador Axis,true,80,32,80,0,80,0,53,21,14,4,2,0,14,mission_effective_ready
073,10,Shoegaze / Dream Pop / Noise Haze,true,80,29,80,0,80,0,53,20,16,7,2,0,15,mission_effective_ready
074,10,Female 90s Alt / Riot Grrrl / Guitar Voices,true,80,29,80,0,80,0,51,22,15,5,5,0,16,mission_effective_ready
075,10,Power-Pop Revival / Crunchy Alt-Pop,true,80,29,80,0,80,0,52,21,17,4,4,0,14,mission_effective_ready
076,10,Pop-Punk / Skate Punk / 90s-00s Punk Pop,true,100,33,100,0,100,0,67,24,15,7,3,0,12,mission_effective_ready
077,10,Emo / Mall Emo / Post-Hardcore Pop,true,100,31,100,0,100,0,66,25,17,8,3,0,12,mission_effective_ready
078,10,Blog Indie / Prestige Indie / 2000s Indie Rock,true,80,32,80,0,80,0,50,24,15,6,1,0,13,mission_effective_ready
079,10,Garage Revival / Rock-Is-Back 2000s,true,80,28,80,0,80,0,52,21,13,4,4,0,19,mission_effective_ready
080,10,Post-Punk Revival / Dark Indie Rock,true,80,29,80,0,80,0,53,20,15,9,2,0,16,mission_effective_ready
081,11,House / Chicago / Dance Club Foundations,false,60,33,65,0,65,0,49,10,15,7,0,0,18,mission_effective_ready
082,11,Techno / Detroit / Minimal Electronic,false,60,24,65,0,65,0,44,12,14,9,1,0,22,mission_effective_ready
083,11,EDM / Festival Dance / Big Room / Mainstream Electronic,false,60,42,65,0,65,0,43,15,17,7,1,0,10,mission_effective_ready
084,11,Trip-Hop / Downtempo / Nocturnal Electronic,false,60,42,65,0,65,0,45,14,14,5,1,0,5,mission_effective_ready
085,11,Indie Dance / Dance-Punk / Electroclash,false,60,42,65,0,65,0,45,11,14,6,5,0,5,mission_effective_ready
086,11,Synthwave / Chillwave / Bedroom Electronic,false,60,46,65,0,65,0,47,12,13,6,2,0,2,mission_effective_ready
087,11,Experimental Electronic / IDM / Art-Electronic,false,60,39,65,0,65,0,42,15,16,7,3,0,7,mission_effective_ready
088,12,70s-80s Pop Sovereigns,true,100,33,100,3,103,0,76,17,7,11,0,0,20,mission_effective_ready
089,12,90s Pop / Teen Pop / TRL Monoculture,true,100,26,100,0,100,0,76,15,12,11,0,0,22,mission_effective_ready
090,12,2000s Pop / Dance-Pop / Club-Pop,true,100,34,100,1,101,0,77,15,8,10,2,0,18,mission_effective_ready
091,12,2010s Persona Pop / Architectural Pop,true,100,33,100,0,100,0,71,20,7,15,0,0,20,mission_effective_ready
092,12,Adult Pop / TV-Drama Anthem / Inspirational Pop,true,100,28,100,1,101,0,77,15,9,10,1,0,23,mission_effective_ready
093,12,TikTok / Streaming-Era Pop / Internet Pop,true,100,24,100,0,100,0,76,15,11,15,0,0,25,mission_effective_ready
094,13,Reggaeton / Urbano / Latin Pop Crossover,true,80,36,80,0,80,0,57,17,23,4,4,0,1,mission_effective_ready
095,13,Regional Mexican / Corridos / Musica Mexicana,true,80,33,80,0,80,0,58,16,19,4,4,2,8,mission_effective_ready
096,13,Salsa / Latin Dance / Tropical Pop,true,80,36,80,0,80,0,58,16,21,4,2,3,3,mission_effective_ready
097,13,Afrobeats / African Pop Crossover,true,80,34,80,0,80,0,58,16,22,6,1,1,4,mission_effective_ready
098,13,K-Pop / J-Pop / Asian Pop Crossover,true,80,33,80,0,80,0,58,16,23,8,2,1,4,mission_effective_ready
099,13,Global Folk / World Fusion / Diaspora Roots,true,80,33,80,0,80,0,57,17,20,4,3,2,7,mission_effective_ready
100,14,Vocal Standards / Crooners / Great American Songbook,false,60,35,66,0,66,0,44,13,19,9,4,2,6,mission_effective_ready
101,14,Jazz Foundations / Bebop / Hard Bop Gateway,false,60,33,66,0,66,0,44,17,24,5,2,3,4,mission_effective_ready
102,14,Smooth Jazz / Jazz-Pop / Adult Instrumental,false,60,36,67,0,67,0,48,13,24,3,7,0,0,mission_effective_ready
103,14,Classical Crossover / Instrumental Popular Canon,false,60,34,66,0,66,0,38,15,14,13,7,3,17,mission_effective_ready
104,15,Broadway / Modern Musical Theater,true,100,64,108,0,108,0,67,38,10,3,0,64,1,mission_effective_ready
105,15,Disney / Family Soundtrack / Animated Musical Canon,true,100,60,108,0,108,0,81,20,9,5,2,60,0,mission_effective_ready
106,15,Movie Soundtracks / 80s-90s-00s Soundtrack Memory,true,100,57,108,0,108,0,77,23,9,8,0,57,1,mission_effective_ready
107,15,Film Score / Epic Score / Ambient Cinematic,true,80,57,90,0,90,0,71,12,19,5,2,57,0,mission_effective_ready
108,16,Black Gospel / Gospel Soul,true,80,43,90,0,90,0,68,16,19,4,2,43,0,mission_effective_ready
109,16,CCM / Christian Pop-Rock / Worship Radio,true,80,34,89,0,89,0,69,14,26,3,5,32,0,mission_effective_ready
110,16,Worship / Praise / Church Songbook,true,100,70,108,0,108,0,90,13,12,3,2,70,1,mission_effective_ready
111,17,Novelty / Comedy / Weird Pop,false,60,44,66,0,66,0,56,6,11,10,2,36,6,mission_effective_ready
112,17,Holiday / Christmas / Seasonal Canon,false,60,45,67,0,67,0,53,10,12,0,0,49,3,mission_effective_ready
113,17,Party / Wedding / Karaoke / Bar Singalong Canon,false,60,49,67,0,67,0,53,8,11,0,23,32,0,mission_effective_ready
114,17,Kids / Family / Household Context Music,false,60,33,67,0,67,0,51,10,9,0,8,31,22,mission_effective_ready
115,18,Current Rock Revival / Post-Punk New Wave 2020s,true,100,35,100,0,100,0,67,25,25,14,0,0,0,mission_effective_ready
116,18,Modern Indie Singer-Songwriter / Sad-Prestige Indie,true,100,37,100,0,100,0,68,24,23,3,7,0,0,mission_effective_ready
117,18,Modern Psych / Groove Indie / Tame-MGMT-Arctic Axis,true,100,37,100,0,100,0,67,25,23,5,3,0,0,mission_effective_ready
118,18,Heavy Modern Alternative / Active Rock Survival,true,100,39,100,0,100,0,67,25,20,6,9,0,1,mission_effective_ready
119,18,Hyperpop / Synthetic Edge-Pop / Internet Maximalism,true,100,35,100,0,100,0,67,25,23,9,4,0,2,mission_effective_ready
120,18,Algorithmic Mood / Lo-Fi / Chill / Study Music,true,100,34,100,0,100,0,69,23,22,2,10,0,4,mission_effective_ready
