deferred_key,run_version,source_ref,source_type,source_candidate_type,artist_display_name,title,year,storefront,deferred_reason,candidate_count,best_score,best_candidate_id,best_candidate_title,best_candidate_artist,best_candidate_basis,best_track_overlap_ratio,error_message,prior_review_reason,prior_best_candidate_id,raw_payload_persisted
graph_album:album|2baba|grass 2 grace:high_confidence_album_no_safe_match,apple_music_high_confidence_album_pass_v1,album|2baba|grass 2 grace,graph_album,album,2Baba,Grass 2 Grace,2006,us,high_confidence_album_no_safe_match,18,50,1833176342,Grass 2 Grace,Saint Next,,0.000,,apple_album_search_no_auto_match,215590267,false
graph_album:album|ali farka toure and ry cooder|talking timbuktu:high_confidence_album_no_safe_match,apple_music_high_confidence_album_pass_v1,album|ali farka toure and ry cooder|talking timbuktu,graph_album,album,Ali Farka Toure and Ry Cooder,Talking Timbuktu,1994,us,high_confidence_album_no_safe_match,1,84,1528519970,Talking Timbuktu (with Ry Cooder),Ali Farka Touré,,0.000,,apple_album_search_no_auto_match,1528519970,false
graph_album:album|allman brothers band|at fillmore east:high_confidence_album_no_safe_match,apple_music_high_confidence_album_pass_v1,album|allman brothers band|at fillmore east,graph_album,album,The Allman Brothers Band,At Fillmore East,1971,us,high_confidence_album_no_safe_match,57,99,1440833569,At Fillmore East (Live),The Allman Brothers Band,,0.000,,apple_album_search_no_auto_match,1469584912,false
graph_album:album|andrae crouch|live in london:high_confidence_album_no_safe_match,apple_music_high_confidence_album_pass_v1,album|andrae crouch|live in london,graph_album,album,Andrae Crouch,Live in London,1978,us,high_confidence_album_no_safe_match,33,155,305503778,Classic Gold: Live In London,Andraé Crouch & The Disciples,,0.920,,apple_album_search_no_auto_match,262497615,false
graph_album:album|aretha franklin|amazing grace:high_confidence_album_no_safe_match,apple_music_high_confidence_album_pass_v1,album|aretha franklin|amazing grace,graph_album,album,Aretha Franklin,Amazing Grace,1972,us,high_confidence_album_no_safe_match,43,83,1628093959,"Amazing Grace (Live at New Temple Missionary Baptist Church, Los Angeles, CA, 01/13/72)",Aretha Franklin,,0.000,,apple_album_search_no_auto_match,284526020,false
graph_album:album|bad brains|bad brains:high_confidence_album_no_safe_match,apple_music_high_confidence_album_pass_v1,album|bad brains|bad brains,graph_album,album,Bad Brains,Bad Brains,1982,us,high_confidence_album_no_safe_match,26,69,1302287380,Rock for Light (Remastered),Bad Brains,,0.333,,apple_album_search_no_auto_match,1302287380,false
graph_album:album|beach boys|surfin u s a:high_confidence_album_no_safe_match,apple_music_high_confidence_album_pass_v1,album|beach boys|surfin u s a,graph_album,album,The Beach Boys,Surfin' U.S.A.,1963,us,high_confidence_album_no_safe_match,33,167,1443101236,Surfin' USA,The Beach Boys,,1.000,,apple_album_search_no_auto_match,1440841241,false
graph_album:album|bing crosby|merry christmas:high_confidence_album_no_safe_match,apple_music_high_confidence_album_pass_v1,album|bing crosby|merry christmas,graph_album,album,Bing Crosby,Merry Christmas,1945,us,high_confidence_album_no_safe_match,57,90,1425234668,White Christmas,Bing Crosby,,0.400,,apple_album_search_no_auto_match,1425234668,false
graph_album:album|bsd u|late night bumps:high_confidence_album_no_safe_match,apple_music_high_confidence_album_pass_v1,album|bsd u|late night bumps,graph_album,album,bsd.u,Late Night Bumps,2014,us,high_confidence_album_no_safe_match,15,93,1828927475,"late night bumps, Vol. 1 - EP",[bsd.u],,0.556,,apple_album_search_no_auto_match,1882681151,false
graph_album:album|buena vista social club|buena vista social club presents ibrahim ferrer:high_confidence_album_no_safe_match,apple_music_high_confidence_album_pass_v1,album|buena vista social club|buena vista social club presents ibrahim ferrer,graph_album,album,Buena Vista Social Club,Buena Vista Social Club Presents Ibrahim Ferrer,1999,us,high_confidence_album_no_safe_match,2,68,1716598034,Buena Vista Social Club,Buena Vista Social Club,,0.000,,apple_album_search_no_auto_match,1716598034,false
graph_album:album|captain beefheart and his magic band|trout mask replica:high_confidence_album_no_safe_match,apple_music_high_confidence_album_pass_v1,album|captain beefheart and his magic band|trout mask replica,graph_album,album,Captain Beefheart & His Magic Band,Trout Mask Replica,1969,us,high_confidence_album_no_safe_match,22,65,137665947,Grow Fins: Rarities 1965-1982,Captain Beefheart & His Magic Band,,0.500,,apple_album_search_no_auto_match,290334563,false
graph_album:album|chiffons|chiffons:high_confidence_album_no_safe_match,apple_music_high_confidence_album_pass_v1,album|chiffons|chiffons,graph_album,album,The Chiffons,The Chiffons,1963,us,high_confidence_album_no_safe_match,14,111,1466690187,The Best of the Chiffons,The Chiffons,,0.600,,apple_album_search_no_auto_match,1466690187,false
graph_album:album|collins kids|hop skip and jump:high_confidence_album_no_safe_match,apple_music_high_confidence_album_pass_v1,album|collins kids|hop skip and jump,graph_album,album,The Collins Kids,"Hop, Skip and Jump",1991,us,high_confidence_album_no_safe_match,15,56,907564725,"Hop, Skip and Jump",Frank Virtue & The Virtues,,0.000,,apple_album_search_no_results,,false
graph_album:album|crests|best of the crests:high_confidence_album_no_safe_match,apple_music_high_confidence_album_pass_v1,album|crests|best of the crests,graph_album,album,The Crests,The Best of the Crests,1962,us,high_confidence_album_no_safe_match,7,44,867694889,The Best Of,Blur,,0.000,,apple_album_search_no_auto_match,,false
graph_album:album|curtis mayfield|super fly:high_confidence_album_no_safe_match,apple_music_high_confidence_album_pass_v1,album|curtis mayfield|super fly,graph_album,album,Curtis Mayfield,Super Fly,1972,us,high_confidence_album_no_safe_match,32,77,541496938,The Very Best of Curtis Mayfield,Curtis Mayfield,,0.500,,apple_album_search_no_auto_match,1067474758,false
graph_album:album|curve|doppelganger:high_confidence_album_no_safe_match,apple_music_high_confidence_album_pass_v1,album|curve|doppelganger,graph_album,album,Curve,Doppelganger,1992,us,high_confidence_album_no_safe_match,25,65,493682591,Doppelganger,The Fall of Troy,,0.000,,apple_album_search_no_results,,false
graph_album:album|dna|a taste of dna:high_confidence_album_no_safe_match,apple_music_high_confidence_album_pass_v1,album|dna|a taste of dna,graph_album,album,DNA,A Taste of DNA,1981,us,high_confidence_album_no_safe_match,4,45,360180209,A Taste Of…,Merzbow,,0.000,,apple_album_search_no_auto_match,,false
graph_album:album|duke ellington|ellington at newport:high_confidence_album_no_safe_match,apple_music_high_confidence_album_pass_v1,album|duke ellington|ellington at newport,graph_album,album,Duke Ellington,Ellington at Newport,1956,us,high_confidence_album_no_safe_match,5,149,902277483,Ellington at Newport: The Original Album,Duke Ellington and His Orchestra,,0.667,,apple_album_search_no_auto_match,999653079,false
graph_album:album|eevee|seeds:high_confidence_album_no_safe_match,apple_music_high_confidence_album_pass_v1,album|eevee|seeds,graph_album,album,eevee,Seeds,2017,us,high_confidence_album_no_safe_match,26,72,1440850001,Seeds,TV on the Radio,,0.000,,apple_album_search_no_results,1820295172,false
graph_album:album|el p|fantastic damage:high_confidence_album_no_safe_match,apple_music_high_confidence_album_pass_v1,album|el p|fantastic damage,graph_album,album,El-P,Fantastic Damage,2002,us,high_confidence_album_no_safe_match,3,129,1510478926,Fantastic Damage,Elp,,0.563,,apple_album_search_no_auto_match,,false
graph_album:album|fania all stars|live at the cheetah vol 1:high_confidence_album_no_safe_match,apple_music_high_confidence_album_pass_v1,album|fania all stars|live at the cheetah vol 1,graph_album,album,Fania All-Stars,"Live at the Cheetah, Vol. 1",1972,us,high_confidence_album_no_safe_match,6,152,1481517285,"Live At The Cheetah, Vol. 1 (Live)",Fania All-Stars,,0.500,,apple_album_search_no_auto_match,1481517285,false
graph_album:album|fats domino|this is fats domino:high_confidence_album_no_safe_match,apple_music_high_confidence_album_pass_v1,album|fats domino|this is fats domino,graph_album,album,Fats Domino,This Is Fats Domino!,1956,us,high_confidence_album_no_safe_match,13,84,1552756829,The Complete Imperial Singles,Fats Domino,,0.833,,apple_album_search_no_auto_match,1396311078,false
graph_album:album|flatlanders|more a legend than a band:high_confidence_album_no_safe_match,apple_music_high_confidence_album_pass_v1,album|flatlanders|more a legend than a band,graph_album,album,The Flatlanders,More a Legend Than a Band,1990,us,high_confidence_album_no_safe_match,0,,,,,,,,apple_album_search_no_results,,false
graph_album:album|frank zappa|lumpy gravy:high_confidence_album_no_safe_match,apple_music_high_confidence_album_pass_v1,album|frank zappa|lumpy gravy,graph_album,album,Frank Zappa,Lumpy Gravy,1968,us,high_confidence_album_no_safe_match,4,81,1443184225,Lumpy Gravy,Abnuceals Emuukha & Electric Symphony Orchestra & Chorus,,0.000,,apple_album_search_no_auto_match,1562897106,false
graph_album:album|fugs|it crawled into my hand honest:high_confidence_album_no_safe_match,apple_music_high_confidence_album_pass_v1,album|fugs|it crawled into my hand honest,graph_album,album,The Fugs,"It Crawled Into My Hand, Honest",1968,us,high_confidence_album_no_safe_match,1,40,1439276930,First Album,The Fugs,,0.000,,apple_album_search_no_results,1439276930,false
graph_album:album|funkadelic|one nation under a groove:high_confidence_album_no_safe_match,apple_music_high_confidence_album_pass_v1,album|funkadelic|one nation under a groove,graph_album,album,Funkadelic,One Nation Under a Groove,1978,us,high_confidence_album_no_safe_match,5,74,1250180536,One Nation Under a Groove,Various Artists,,0.000,,apple_album_search_no_auto_match,1595227717,false
graph_album:album|garth brooks|no fences:high_confidence_album_no_safe_match,apple_music_high_confidence_album_pass_v1,album|garth brooks|no fences,graph_album,album,Garth Brooks,No Fences,1990,us,high_confidence_album_no_safe_match,19,56,1704861945,Garth Brooks Hits - A Tribute Album,Garth Brooks Tribute,,0.200,,apple_album_search_no_auto_match,,false
graph_album:album|garth brooks|ropin the wind:high_confidence_album_no_safe_match,apple_music_high_confidence_album_pass_v1,album|garth brooks|ropin the wind,graph_album,album,Garth Brooks,Ropin' the Wind,1991,us,high_confidence_album_no_safe_match,3,56,1704861945,Garth Brooks Hits - A Tribute Album,Garth Brooks Tribute,,0.200,,apple_album_search_no_auto_match,,false
graph_album:album|gene vincent|bluejean bop:high_confidence_album_no_safe_match,apple_music_high_confidence_album_pass_v1,album|gene vincent|bluejean bop,graph_album,album,Gene Vincent,Bluejean Bop!,1958,us,high_confidence_album_no_safe_match,1,92,1443088443,Blue Jean Bop,Gene Vincent & His Blue Caps & Gene Vincent,,0.611,,apple_album_search_no_auto_match,1443088443,false
graph_album:album|gene vincent|gene vincent and his blue caps:high_confidence_album_no_safe_match,apple_music_high_confidence_album_pass_v1,album|gene vincent|gene vincent and his blue caps,graph_album,album,Gene Vincent,Gene Vincent and His Blue Caps,1957,us,high_confidence_album_no_safe_match,11,57,1801710187,Greatest Hits,Gene Vincent & His Blue Caps,,0.350,,apple_album_search_no_auto_match,1443088443,false
graph_album:album|hanoi rocks|two steps from the move:high_confidence_album_no_safe_match,apple_music_high_confidence_album_pass_v1,album|hanoi rocks|two steps from the move,graph_album,album,Hanoi Rocks,Two Steps from the Move,1984,us,high_confidence_album_no_safe_match,1,48,1471136041,Oriental Beat,Hanoi Rocks,,0.000,,apple_album_search_no_results,1471136041,false
graph_album:album|harptones|life is but a dream:high_confidence_album_no_safe_match,apple_music_high_confidence_album_pass_v1,album|harptones|life is but a dream,graph_album,album,The Harptones,Life Is But a Dream,1990,us,high_confidence_album_no_safe_match,28,86,1491664837,Life is but a Dream,The Harptones,,0.050,,apple_album_search_no_auto_match,1491664837,false
graph_album:album|idle race|birthday party:high_confidence_album_no_safe_match,apple_music_high_confidence_album_pass_v1,album|idle race|birthday party,graph_album,album,The Idle Race,The Birthday Party,1968,us,high_confidence_album_no_safe_match,14,58,1858708569,The Birthday Party,The Puppini Sisters,,0.000,,apple_album_search_no_results,,false
graph_album:album|jackie wilson|mr excitement:high_confidence_album_no_safe_match,apple_music_high_confidence_album_pass_v1,album|jackie wilson|mr excitement,graph_album,album,Jackie Wilson,Mr. Excitement!,1962,us,high_confidence_album_no_safe_match,25,79,111289716,20 Greatest Hits (Remastered),Jackie Wilson,,0.550,,apple_album_search_no_auto_match,406066594,false
graph_album:album|jeff mills|waveform transmission vol 1:high_confidence_album_no_safe_match,apple_music_high_confidence_album_pass_v1,album|jeff mills|waveform transmission vol 1,graph_album,album,Jeff Mills,Waveform Transmission Vol. 1,1992,us,high_confidence_album_no_safe_match,1,40,1860112728,Jeff Mills at The Liquid Room (DJ Mix),Jeff Mills,,0.000,,apple_album_search_no_results,1860112728,false
graph_album:album|jesus culture|your love never fails:high_confidence_album_no_safe_match,apple_music_high_confidence_album_pass_v1,album|jesus culture|your love never fails,graph_album,album,Jesus Culture,Your Love Never Fails,2008,us,high_confidence_album_no_safe_match,31,101,1440830801,Your Love Never Fails (Live),Jesus Culture,,0.000,,apple_album_search_no_auto_match,1440851609,false
graph_album:album|jethro tull|thick as a brick:high_confidence_album_no_safe_match,apple_music_high_confidence_album_pass_v1,album|jethro tull|thick as a brick,graph_album,album,Jethro Tull,Thick as a Brick,1972,us,high_confidence_album_no_safe_match,19,75,1006839794,Thick As A Brick (2012 Steven Wilson Stereo Remix),Jethro Tull,,0.000,,apple_album_search_no_auto_match,726371044,false
graph_album:album|joff bush|bluey the album:high_confidence_album_no_safe_match,apple_music_high_confidence_album_pass_v1,album|joff bush|bluey the album,graph_album,album,Joff Bush,Bluey: The Album,2021,us,high_confidence_album_no_safe_match,23,92,1808709997,The Bluey Bedtime Collection,Alexandre Alekhine,,0.588,,apple_album_search_no_auto_match,1539220729,false
graph_album:album|jungle brothers|done by the forces of nature:high_confidence_album_no_safe_match,apple_music_high_confidence_album_pass_v1,album|jungle brothers|done by the forces of nature,graph_album,album,Jungle Brothers,Done by the Forces of Nature,1989,us,high_confidence_album_no_safe_match,1,45,3242008,Straight Out the Jungle,Jungle Brothers,,0.000,,apple_album_search_no_auto_match,3242008,false
graph_album:album|kathy young and the innocents|a thousand stars:high_confidence_album_no_safe_match,apple_music_high_confidence_album_pass_v1,album|kathy young and the innocents|a thousand stars,graph_album,album,Kathy Young & The Innocents,A Thousand Stars,1961,us,high_confidence_album_no_safe_match,27,68,1442688798,A Thousand Stars,Jill Thomas,,0.042,,apple_album_search_no_auto_match,420888756,false
graph_album:album|kruder and dorfmeister|kandd sessions:high_confidence_album_no_safe_match,apple_music_high_confidence_album_pass_v1,album|kruder and dorfmeister|kandd sessions,graph_album,album,Kruder & Dorfmeister,The K&D Sessions,1998,us,high_confidence_album_no_safe_match,20,84,1613602443,The K&D Sessions (DJ Mix),Kruder & Dorfmeister,,0.000,,apple_album_search_no_auto_match,1613602443,false
graph_album:album|kurtis blow|tough:high_confidence_album_no_safe_match,apple_music_high_confidence_album_pass_v1,album|kurtis blow|tough,graph_album,album,Kurtis Blow,Tough,1982,us,high_confidence_album_no_safe_match,28,65,1443893926,20th Century Master - The Millennium Collection: The Best of Kurtis Blow,Kurtis Blow,,0.400,,apple_album_search_no_auto_match,1442217354,false
graph_album:album|larry heard|sceneries not songs volume one:high_confidence_album_no_safe_match,apple_music_high_confidence_album_pass_v1,album|larry heard|sceneries not songs volume one,graph_album,album,Larry Heard,"Sceneries Not Songs, Volume One",1994,us,high_confidence_album_no_safe_match,2,131,1706159425,"Sceneries Not Songs, Volume 1",Larry Heard,,0.778,,apple_album_search_no_auto_match,1402122508,false
graph_album:album|link wray|link wray and the wraymen:high_confidence_album_no_safe_match,apple_music_high_confidence_album_pass_v1,album|link wray|link wray and the wraymen,graph_album,album,Link Wray,Link Wray & the Wraymen,1960,us,high_confidence_album_no_safe_match,4,115,342944406,Slinky! The Epic Sessions '58-'61,Link Wray & The Wraymen,,1.000,,apple_album_search_no_auto_match,545183367,false
graph_album:album|little river band|greatest hits:high_confidence_album_no_safe_match,apple_music_high_confidence_album_pass_v1,album|little river band|greatest hits,graph_album,album,Little River Band,Greatest Hits,1982,us,high_confidence_album_no_safe_match,58,112,1645806082,Ultimate Hits (Remastered 2022),Little River Band,,1.000,,apple_album_search_no_auto_match,1647730866,false
graph_album:album|ll cool j|bigger and deffer:high_confidence_album_no_safe_match,apple_music_high_confidence_album_pass_v1,album|ll cool j|bigger and deffer,graph_album,album,LL Cool J,Bigger and Deffer,1987,us,high_confidence_album_no_safe_match,1,10,1536356374,B.A.D.(Bigger And Deffer) - MB's Single Collection,The Magokoro Brothers,,0.000,,apple_album_search_no_auto_match,,false
graph_album:album|ll cool j|radio:high_confidence_album_no_safe_match,apple_music_high_confidence_album_pass_v1,album|ll cool j|radio,graph_album,album,LL Cool J,Radio,1985,us,high_confidence_album_no_safe_match,44,56,1440943452,Radio,Steep Canyon Rangers,,0.000,,apple_album_search_no_auto_match,,false
graph_album:album|lydia lunch|queen of siam:high_confidence_album_no_safe_match,apple_music_high_confidence_album_pass_v1,album|lydia lunch|queen of siam,graph_album,album,Lydia Lunch,Queen of Siam,1980,us,high_confidence_album_no_safe_match,3,57,121306783,Queen of Siam,Holy Moses,,0.000,,apple_album_search_no_results,1540689616,false
graph_album:album|mahalia jackson|world s greatest gospel singer:high_confidence_album_no_safe_match,apple_music_high_confidence_album_pass_v1,album|mahalia jackson|world s greatest gospel singer,graph_album,album,Mahalia Jackson,The World's Greatest Gospel Singer,1955,us,high_confidence_album_no_safe_match,7,75,1032611117,"Gospels, Spirituals, & Hymns",Mahalia Jackson,,0.545,,apple_album_search_no_auto_match,1032610100,false
graph_album:album|major lance|monkey time:high_confidence_album_no_safe_match,apple_music_high_confidence_album_pass_v1,album|major lance|monkey time,graph_album,album,Major Lance,The Monkey Time,1963,us,high_confidence_album_no_safe_match,16,76,1796266849,Monkey Time,The Dials,,0.083,,apple_album_search_no_auto_match,704790161,false
graph_album:album|maverick city music|maverick city vol 3 part 1:high_confidence_album_no_safe_match,apple_music_high_confidence_album_pass_v1,album|maverick city music|maverick city vol 3 part 1,graph_album,album,Maverick City Music,Maverick City Vol. 3 Part 1,2020,us,high_confidence_album_no_safe_match,23,63,1571839845,"Maverick City Music, Vol. 3: Pt. 1",Maverick City Music,,0.091,,apple_album_search_no_auto_match,1600590563,false
graph_album:album|minor threat|complete discography:high_confidence_album_no_safe_match,apple_music_high_confidence_album_pass_v1,album|minor threat|complete discography,graph_album,album,Minor Threat,Complete Discography,1989,us,high_confidence_album_no_safe_match,30,87,784725777,First Two Seven Inches,Minor Threat,,0.538,,apple_album_search_no_auto_match,,false
graph_album:album|misfits|walk among us:high_confidence_album_no_safe_match,apple_music_high_confidence_album_pass_v1,album|misfits|walk among us,graph_album,album,Misfits,Walk Among Us,1982,us,high_confidence_album_no_safe_match,24,63,724516759,Collection,The Misfits,,0.385,,apple_album_search_no_auto_match,714724772,false
graph_album:album|moby grape|moby grape:high_confidence_album_no_safe_match,apple_music_high_confidence_album_pass_v1,album|moby grape|moby grape,graph_album,album,Moby Grape,Moby Grape,1967,us,high_confidence_album_no_safe_match,9,89,266203734,Moby Grape (Bonus Track Version),Moby Grape,,0.077,,apple_album_search_no_auto_match,267031218,false
graph_album:album|monks|black monk time:high_confidence_album_no_safe_match,apple_music_high_confidence_album_pass_v1,album|monks|black monk time,graph_album,album,The Monks,Black Monk Time,1966,us,high_confidence_album_no_safe_match,9,82,1790512830,The Early Years 1964 - 1965,The Monks,,0.500,,apple_album_search_no_auto_match,,false
graph_album:album|motorhead|no sleep til hammersmith:high_confidence_album_no_safe_match,apple_music_high_confidence_album_pass_v1,album|motorhead|no sleep til hammersmith,graph_album,album,Motorhead,No Sleep 'til Hammersmith,1981,us,high_confidence_album_no_safe_match,5,99,1614257261,No Sleep 'Til Hammersmith (Live),Motörhead,,0.000,,apple_album_search_no_auto_match,1439442940,false
graph_album:album|move|move:high_confidence_album_no_safe_match,apple_music_high_confidence_album_pass_v1,album|move|move,graph_album,album,The Move,The Move,1968,us,high_confidence_album_no_safe_match,10,48,1443068636,Shazam,The Move,,0.000,,apple_album_search_no_auto_match,1443068636,false
graph_album:album|my bloody valentine|loveless:high_confidence_album_no_safe_match,apple_music_high_confidence_album_pass_v1,album|my bloody valentine|loveless,graph_album,album,My Bloody Valentine,Loveless,1991,us,high_confidence_album_no_safe_match,25,160,275176576,Loveless,Japancakes,,1.000,,apple_album_search_no_auto_match,1567655929,false
graph_album:album|neil diamond|hot august night:high_confidence_album_no_safe_match,apple_music_high_confidence_album_pass_v1,album|neil diamond|hot august night,graph_album,album,Neil Diamond,Hot August Night,1972,us,high_confidence_album_no_safe_match,38,91,1440898019,Hot August Night II (Recorded Live in Concert),Neil Diamond,,0.300,,apple_album_search_no_auto_match,1443288776,false
graph_album:album|nirvana uk|story of simon simopath:high_confidence_album_no_safe_match,apple_music_high_confidence_album_pass_v1,album|nirvana uk|story of simon simopath,graph_album,album,Nirvana (UK),The Story of Simon Simopath,1967,us,high_confidence_album_no_safe_match,0,,,,,,,,apple_album_search_no_results,,false
graph_album:album|odetta|odetta at carnegie hall:high_confidence_album_no_safe_match,apple_music_high_confidence_album_pass_v1,album|odetta|odetta at carnegie hall,graph_album,album,Odetta,Odetta at Carnegie Hall,1960,us,high_confidence_album_no_safe_match,43,53,157342118,At Carnegie Hall (Live),The Dave Brubeck Quartet,,0.000,,apple_album_search_no_auto_match,787565085,false
graph_album:album|original broadway cast of gypsy|gypsy:high_confidence_album_no_safe_match,apple_music_high_confidence_album_pass_v1,album|original broadway cast of gypsy|gypsy,graph_album,album,Original Broadway Cast of Gypsy,Gypsy,1959,us,high_confidence_album_no_safe_match,92,108,164925460,Gypsy (Original 1959 Broadway Cast Recording),"Jule Styne & Stephen Sondheim, Ethel Merman, Sandra Church & Jack Klugman",,0.000,,apple_album_search_no_auto_match,,false
graph_album:album|original broadway cast of oklahoma|oklahoma:high_confidence_album_no_safe_match,apple_music_high_confidence_album_pass_v1,album|original broadway cast of oklahoma|oklahoma,graph_album,album,Original Broadway Cast of Oklahoma!,Oklahoma!,1943,us,high_confidence_album_no_safe_match,71,148,1466325624,Oklahoma! (2019 Broadway Cast Recording),"Rodgers & Hammerstein, Damon Daunno, Rebecca Naomi Jones & Mary Testa",high_confidence_title_tracklist_auto_match,0.667,,apple_album_search_no_auto_match,1665787648,false
graph_album:album|oscar d leon|el oscar de la salsa:high_confidence_album_no_safe_match,apple_music_high_confidence_album_pass_v1,album|oscar d leon|el oscar de la salsa,graph_album,album,Oscar D'Leon,El Oscar de la Salsa,1975,us,high_confidence_album_no_safe_match,14,74,1450234728,Boleros Con: Oscar D'León,Oscar D'León,,0.250,,apple_album_search_no_auto_match,1450234728,false
graph_album:album|paris sisters|paris sisters:high_confidence_album_no_safe_match,apple_music_high_confidence_album_pass_v1,album|paris sisters|paris sisters,graph_album,album,The Paris Sisters,The Paris Sisters,1961,us,high_confidence_album_no_safe_match,8,59,289487026,The Paris Sisters: Best Of,The Paris Sisters,,0.000,,apple_album_search_no_auto_match,529177472,false
graph_album:album|patsy cline|showcase:high_confidence_album_no_safe_match,apple_music_high_confidence_album_pass_v1,album|patsy cline|showcase,graph_album,album,Patsy Cline,Showcase,1961,us,high_confidence_album_no_safe_match,26,83,1485036494,Showcase (feat. The Jordanaires),Patsy Cline,,0.000,,apple_album_search_no_auto_match,1443840333,false
graph_album:album|paul anka|paul anka:high_confidence_album_no_safe_match,apple_music_high_confidence_album_pass_v1,album|paul anka|paul anka,graph_album,album,Paul Anka,Paul Anka,1958,us,high_confidence_album_no_safe_match,23,86,1625973434,Paul Anka,Paul Anka,,0.000,,apple_album_search_no_auto_match,282219304,false
graph_album:album|peter gabriel|passion:high_confidence_album_no_safe_match,apple_music_high_confidence_album_pass_v1,album|peter gabriel|passion,graph_album,album,Peter Gabriel,Passion,1989,us,high_confidence_album_no_safe_match,27,98,987561472,Passion: Music for the Last Temptation of Christ,Peter Gabriel,,0.273,,apple_album_search_no_auto_match,986800858,false
graph_album:album|peter paul and mary|if i had a hammer:high_confidence_album_no_safe_match,apple_music_high_confidence_album_pass_v1,album|peter paul and mary|if i had a hammer,graph_album,album,"Peter, Paul and Mary",If I Had a Hammer,1962,us,high_confidence_album_no_safe_match,47,79,302068401,Moving,"Peter, Paul & Mary",,0.500,,apple_album_search_no_auto_match,302102786,false
graph_album:album|phil spector various artists|back to mono 1958 1969:high_confidence_album_no_safe_match,apple_music_high_confidence_album_pass_v1,album|phil spector various artists|back to mono 1958 1969,graph_album,album,Phil Spector / Various Artists,Back to Mono (1958-1969),1991,us,high_confidence_album_no_safe_match,0,,,,,,,,apple_album_search_no_results,,false
graph_album:album|platters|encore of golden hits:high_confidence_album_no_safe_match,apple_music_high_confidence_album_pass_v1,album|platters|encore of golden hits,graph_album,album,The Platters,Encore of Golden Hits,1960,us,high_confidence_album_no_safe_match,13,109,1440777167,All-Time Greatest Hits,The Platters,,0.917,,apple_album_search_no_auto_match,1783391456,false
graph_album:album|ray stevens|ray stevens greatest hits:high_confidence_album_no_safe_match,apple_music_high_confidence_album_pass_v1,album|ray stevens|ray stevens greatest hits,graph_album,album,Ray Stevens,Ray Stevens' Greatest Hits,1987,us,high_confidence_album_no_safe_match,37,77,1839228036,Greatest Hits,Ray Stevens,,0.100,,apple_album_search_no_auto_match,1444183636,false
graph_album:album|red krayola|parable of arable land:high_confidence_album_no_safe_match,apple_music_high_confidence_album_pass_v1,album|red krayola|parable of arable land,graph_album,album,Red Krayola,The Parable of Arable Land,1967,us,high_confidence_album_no_safe_match,5,153,379207819,The Parable Of Arable Land / God Bless The Red Krayola And All Who Sail With It Vol. 1,The Red Krayola,,1.000,,apple_album_search_no_auto_match,558673753,false
graph_album:album|revels|intoxica:high_confidence_album_no_safe_match,apple_music_high_confidence_album_pass_v1,album|revels|intoxica,graph_album,album,The Revels,Intoxica!!!,1995,us,high_confidence_album_no_safe_match,24,74,81401071,Intoxica,Nitrogen,,0.000,,apple_album_search_no_results,,false
graph_album:album|rip chords|hey little cobra and other hot rod hits:high_confidence_album_no_safe_match,apple_music_high_confidence_album_pass_v1,album|rip chords|hey little cobra and other hot rod hits,graph_album,album,The Rip Chords,Hey Little Cobra and Other Hot Rod Hits,1964,us,high_confidence_album_no_safe_match,5,154,260254179,Hey Little Cobra,The Rip Chords,,1.000,,apple_album_search_no_auto_match,260302028,false
graph_album:album|rossington collins band|anytime anyplace anywhere:high_confidence_album_no_safe_match,apple_music_high_confidence_album_pass_v1,album|rossington collins band|anytime anyplace anywhere,graph_album,album,Rossington Collins Band,"Anytime, Anyplace, Anywhere",1980,us,high_confidence_album_no_safe_match,9,78,1443843596,20th Century Masters - The Millennium Collection: The Best of Rossington Collins Band,Rossington Collins Band,,0.556,,apple_album_search_no_auto_match,1443486929,false
graph_album:album|santo and johnny|santo and johnny:high_confidence_album_no_safe_match,apple_music_high_confidence_album_pass_v1,album|santo and johnny|santo and johnny,graph_album,album,Santo & Johnny,Santo & Johnny,1959,us,high_confidence_album_no_safe_match,25,86,1455434148,Santo & Johnny,Santo & Johnny,,0.000,,apple_album_search_no_auto_match,261233703,false
graph_album:album|scratch acid|greatest gift:high_confidence_album_no_safe_match,apple_music_high_confidence_album_pass_v1,album|scratch acid|greatest gift,graph_album,album,Scratch Acid,The Greatest Gift,1991,us,high_confidence_album_no_safe_match,25,60,1283497988,The Greatest Gift,Sufjan Stevens,,0.036,,apple_album_search_no_results,,false
graph_album:album|sham 69|tell us the truth:high_confidence_album_no_safe_match,apple_music_high_confidence_album_pass_v1,album|sham 69|tell us the truth,graph_album,album,Sham 69,Tell Us the Truth,1978,us,high_confidence_album_no_safe_match,20,61,1878182448,Tell Us the Truth,Brand New Age,,0.077,,apple_album_search_no_results,1436093679,false
graph_album:album|soft machine|volume two:high_confidence_album_no_safe_match,apple_music_high_confidence_album_pass_v1,album|soft machine|volume two,graph_album,album,Soft Machine,Volume Two,1969,us,high_confidence_album_no_safe_match,28,105,1442442602,"The Soft Machine, Vol. 2",Soft Machine,,0.765,,apple_album_search_no_auto_match,424153109,false
graph_album:album|sugarhill gang|sugarhill gang:high_confidence_album_no_safe_match,apple_music_high_confidence_album_pass_v1,album|sugarhill gang|sugarhill gang,graph_album,album,The Sugarhill Gang,Sugarhill Gang,1980,us,high_confidence_album_no_safe_match,17,71,52310940,The Showdown: The Sugarhill Gang Vs. Grandmaster Flash & the Furious Five,The Sugarhill Gang & Grandmaster Flash & The Furious Five,,0.167,,apple_album_search_no_auto_match,65616560,false
graph_album:album|tommy james and the shondells|cellophane symphony:high_confidence_album_no_safe_match,apple_music_high_confidence_album_pass_v1,album|tommy james and the shondells|cellophane symphony,graph_album,album,Tommy James and the Shondells,Cellophane Symphony,1969,us,high_confidence_album_no_safe_match,1,53,59412520,Crimson & Clover,Tommy James & The Shondells,,0.000,,apple_album_search_no_results,59412520,false
graph_album:album|various artists|atlantic rhythm and blues 1947 1974:high_confidence_album_no_safe_match,apple_music_high_confidence_album_pass_v1,album|various artists|atlantic rhythm and blues 1947 1974,graph_album,album,Various Artists,Atlantic Rhythm and Blues 1947-1974,1985,us,high_confidence_album_no_safe_match,1,62,1876794966,Two Of A Kind (Original Motion Picture Soundtrack),Various Artists,,0.000,,apple_album_search_no_results,1876794966,false
graph_album:album|various artists|beauty and the beast:high_confidence_album_no_safe_match,apple_music_high_confidence_album_pass_v1,album|various artists|beauty and the beast,graph_album,album,Various Artists,Beauty and the Beast,1991,us,high_confidence_album_no_safe_match,54,132,1699102817,Beauty and the Beast (Original Motion Picture Soundtrack),Various Artists,,0.067,,apple_album_search_no_auto_match,401365101,false
graph_album:album|various artists|crow:high_confidence_album_no_safe_match,apple_music_high_confidence_album_pass_v1,album|various artists|crow,graph_album,album,Various Artists,The Crow,1994,us,high_confidence_album_no_safe_match,102,123,322025243,The Crow (Original Motion Picture Soundtrack),Various Artists,,0.000,,apple_album_search_no_auto_match,1781285037,false
graph_album:album|various artists|dirty dancing:high_confidence_album_no_safe_match,apple_music_high_confidence_album_pass_v1,album|various artists|dirty dancing,graph_album,album,Various Artists,Dirty Dancing,1987,us,high_confidence_album_no_safe_match,99,154,254938499,Dirty Dancing (Original Motion Picture Soundtrack),Various Artists,,0.308,,apple_album_search_no_auto_match,401365101,false
graph_album:album|various artists|doo wop box:high_confidence_album_no_safe_match,apple_music_high_confidence_album_pass_v1,album|various artists|doo wop box,graph_album,album,Various Artists,The Doo Wop Box,1993,us,high_confidence_album_no_safe_match,83,66,316059992,The Doo Wop Box 2,Various Artists,,0.020,,apple_album_search_no_auto_match,401365101,false
graph_album:album|various artists|dr demento 20th anniversary collection:high_confidence_album_no_safe_match,apple_music_high_confidence_album_pass_v1,album|various artists|dr demento 20th anniversary collection,graph_album,album,Various Artists,Dr. Demento 20th Anniversary Collection,1991,us,high_confidence_album_no_safe_match,64,45,401365101,Nos Grandes Idoles Country Disparus,Various Artists,,0.000,,apple_album_search_no_results,401365101,false
graph_album:album|various artists|forrest gump:high_confidence_album_no_safe_match,apple_music_high_confidence_album_pass_v1,album|various artists|forrest gump,graph_album,album,Various Artists,Forrest Gump,1994,us,high_confidence_album_no_safe_match,76,133,418556875,Forrest Gump (The Soundtrack),Original Motion Picture Soundtrack & Alan Silvestri,,0.313,,apple_album_search_no_auto_match,1781285037,false
graph_album:album|various artists|garden state:high_confidence_album_no_safe_match,apple_music_high_confidence_album_pass_v1,album|various artists|garden state,graph_album,album,Various Artists,Garden State,2004,us,high_confidence_album_no_safe_match,137,93,1817284304,Garden State,Jeremy Zucker,,0.077,,apple_album_search_no_auto_match,1717640317,false
graph_album:album|various artists|hercules:high_confidence_album_no_safe_match,apple_music_high_confidence_album_pass_v1,album|various artists|hercules,graph_album,album,Various Artists,Hercules,1997,us,high_confidence_album_no_safe_match,69,112,1412858854,Hercules (Original Motion Picture Soundtrack),"Alan Menken, David Zippel, Roger Bart, Susan Egan & Danny DeVito",,0.000,,apple_album_search_no_auto_match,1633661983,false
graph_album:album|various artists|jock jams volume 1:high_confidence_album_no_safe_match,apple_music_high_confidence_album_pass_v1,album|various artists|jock jams volume 1,graph_album,album,Various Artists,"Jock Jams, Volume 1",1995,us,high_confidence_album_no_safe_match,47,56,1571560471,Space Jam: A New Legacy (Original Motion Picture Soundtrack),Various Artists,,0.050,,apple_album_search_no_auto_match,1647220429,false
graph_album:album|various artists|matrix:high_confidence_album_no_safe_match,apple_music_high_confidence_album_pass_v1,album|various artists|matrix,graph_album,album,Various Artists,The Matrix,1999,us,high_confidence_album_no_safe_match,67,89,1443853659,The Matrix (Original Motion Picture Score),DON DAVIS,,0.067,,apple_album_search_no_auto_match,1633661983,false
graph_album:album|various artists|moana:high_confidence_album_no_safe_match,apple_music_high_confidence_album_pass_v1,album|various artists|moana,graph_album,album,Various Artists,Moana,2016,us,high_confidence_album_no_safe_match,81,112,1440634928,Moana (Original Motion Picture Soundtrack),Lin-Manuel Miranda & Mark Mancina,,0.000,,apple_album_search_no_auto_match,1440747168,false
graph_album:album|various artists|now that s what i call christmas:high_confidence_album_no_safe_match,apple_music_high_confidence_album_pass_v1,album|various artists|now that s what i call christmas,graph_album,album,Various Artists,Now That's What I Call Christmas!,2001,us,high_confidence_album_no_safe_match,97,82,1445667167,Christmas,Various Artists,,0.250,,apple_album_search_no_auto_match,1633661983,false
graph_album:album|various artists|romeo juliet:high_confidence_album_no_safe_match,apple_music_high_confidence_album_pass_v1,album|various artists|romeo juliet,graph_album,album,Various Artists,Romeo + Juliet,1996,us,high_confidence_album_no_safe_match,67,77,1467520632,Romeo + Juliet,Various Artists,,0.000,,apple_album_search_no_auto_match,1633661983,false
graph_album:album|various artists|saturday night fever:high_confidence_album_no_safe_match,apple_music_high_confidence_album_pass_v1,album|various artists|saturday night fever,graph_album,album,Various Artists,Saturday Night Fever,1977,us,high_confidence_album_no_safe_match,85,87,299852008,Saturday Night Fever,Cornell Dupree,,0.000,,apple_album_search_no_auto_match,1120285244,false
graph_album:album|various artists|singles:high_confidence_album_no_safe_match,apple_music_high_confidence_album_pass_v1,album|various artists|singles,graph_album,album,Various Artists,Singles,1992,us,high_confidence_album_no_safe_match,150,118,192995929,Singles (Original Motion Picture Soundtrack),Various Artists,,0.000,,apple_album_search_no_auto_match,401365101,false
graph_album:album|various artists|tangled:high_confidence_album_no_safe_match,apple_music_high_confidence_album_pass_v1,album|various artists|tangled,graph_album,album,Various Artists,Tangled,2010,us,high_confidence_album_no_safe_match,80,101,1436800950,Tangled (Original Motion Picture Soundtrack/Japanese Version),Various Artists,,0.000,,apple_album_search_no_auto_match,1858725281,false
graph_album:album|various artists|trainspotting:high_confidence_album_no_safe_match,apple_music_high_confidence_album_pass_v1,album|various artists|trainspotting,graph_album,album,Various Artists,Trainspotting,1996,us,high_confidence_album_no_safe_match,52,83,1813189090,Trainspotting,Rome Streetz & Conductor Williams,,0.000,,apple_album_search_no_auto_match,1633661983,false
graph_album:album|various artists|twilight:high_confidence_album_no_safe_match,apple_music_high_confidence_album_pass_v1,album|various artists|twilight,graph_album,album,Various Artists,Twilight,2008,us,high_confidence_album_no_safe_match,85,128,294342468,Twilight (Original Motion Picture Soundtrack),Various Artists,,0.000,,apple_album_search_no_auto_match,1858725281,false
graph_album:album|vicente fernandez|un azteca en el azteca:high_confidence_album_no_safe_match,apple_music_high_confidence_album_pass_v1,album|vicente fernandez|un azteca en el azteca,graph_album,album,Vicente Fernandez,Un Azteca en el Azteca,2016,us,high_confidence_album_no_safe_match,43,76,1145620213,"Un Azteca en el Azteca, Vol. 2 (En Vivo)",Vicente Fernández,,0.000,,apple_album_search_no_auto_match,1145620213,false
graph_album:album|wiggles|big red car:high_confidence_album_no_safe_match,apple_music_high_confidence_album_pass_v1,album|wiggles|big red car,graph_album,album,The Wiggles,Big Red Car,1995,us,high_confidence_album_no_safe_match,26,119,1871095493,Here Comes The Big Red Car,The Wiggles,,0.704,,apple_album_search_no_auto_match,1871092139,false
graph_album:album|yo yo ma|bach cello suites:high_confidence_album_no_safe_match,apple_music_high_confidence_album_pass_v1,album|yo yo ma|bach cello suites,graph_album,album,Yo-Yo Ma,Bach: Cello Suites,1983,us,high_confidence_album_no_safe_match,33,80,381515547,"Bach: Cello Suites Nos. 1-6, BWV 1007-1012 (2009 Remaster)",Yo-Yo Ma,,0.000,,apple_album_search_no_auto_match,381515547,false
