deferred_key,run_version,source_ref,source_type,source_candidate_type,artist_display_name,title,year,storefront,deferred_reason,candidate_count,best_score,best_result_rank,best_reject_reason,prior_review_reason,error_message,raw_payload_persisted
graph_recording:recording|alexander courage|theme from star trek:recording_hardening_no_auto_match,apple_music_recording_hardening_pass_v1,recording|alexander courage|theme from star trek,graph_recording,recording,Alexander Courage,Theme from Star Trek,1966,us,recording_hardening_no_auto_match,25,76,1,identity_evidence_below_threshold,apple_song_search_needs_review_version_risk,,false
graph_recording:recording|basil poledouris|anvil of crom:recording_hardening_no_auto_match,apple_music_recording_hardening_pass_v1,recording|basil poledouris|anvil of crom,graph_recording,recording,Basil Poledouris,Anvil of Crom,1982,us,recording_hardening_no_auto_match,23,51,12,title_not_matched,apple_song_search_needs_review_version_risk,,false
graph_recording:recording|caravans|sweeping through the city:recording_hardening_no_auto_match,apple_music_recording_hardening_pass_v1,recording|caravans|sweeping through the city,graph_recording,recording,The Caravans,Sweeping Through the City,1958,us,recording_hardening_no_auto_match,17,72,1,identity_evidence_below_threshold,apple_song_search_no_auto_match,,false
graph_recording:recording|christine johnson|you ll never walk alone:recording_hardening_no_auto_match,apple_music_recording_hardening_pass_v1,recording|christine johnson|you ll never walk alone,graph_recording,recording,Christine Johnson,You'll Never Walk Alone,1945,us,recording_hardening_no_auto_match,16,57,2,artist_not_matched,apple_song_search_needs_review_version_risk,,false
graph_recording:recording|dave grusin|mountain dance:recording_hardening_no_auto_match,apple_music_recording_hardening_pass_v1,recording|dave grusin|mountain dance,graph_recording,recording,Dave Grusin,Mountain Dance,1980,us,recording_hardening_no_auto_match,22,75,2,identity_evidence_below_threshold,apple_song_search_no_auto_match,,false
graph_recording:recording|hillsong united|stand:recording_hardening_no_auto_match,apple_music_recording_hardening_pass_v1,recording|hillsong united|stand,graph_recording,recording,Hillsong United,The Stand,2005,us,recording_hardening_no_auto_match,18,81,1,identity_evidence_below_threshold,apple_song_search_needs_review_version_risk,,false
graph_recording:recording|huey lewis|once upon a time in new york city:recording_hardening_no_auto_match,apple_music_recording_hardening_pass_v1,recording|huey lewis|once upon a time in new york city,graph_recording,recording,Huey Lewis,Once Upon a Time in New York City,1988,us,recording_hardening_no_auto_match,16,58,10,artist_not_matched,apple_song_search_needs_review_version_risk,,false
graph_recording:recording|jerry goldsmith|main title from basic instinct:recording_hardening_no_auto_match,apple_music_recording_hardening_pass_v1,recording|jerry goldsmith|main title from basic instinct,graph_recording,recording,Jerry Goldsmith,Main Title from Basic Instinct,1992,us,recording_hardening_no_auto_match,23,59,1,title_not_matched,apple_song_search_needs_review_version_risk,,false
graph_recording:recording|maverick city music|son of suffering:recording_hardening_version_term_needs_review,apple_music_recording_hardening_pass_v1,recording|maverick city music|son of suffering,graph_recording,recording,Maverick City Music,Son of Suffering,2021,us,recording_hardening_version_term_needs_review,15,82,1,version_term:arr,apple_song_search_needs_review_version_risk,,false
graph_recording:recording|nino rota|main title from the godfather part ii:recording_hardening_no_auto_match,apple_music_recording_hardening_pass_v1,recording|nino rota|main title from the godfather part ii,graph_recording,recording,Nino Rota,Main Title from The Godfather Part II,1974,us,recording_hardening_no_auto_match,17,53,4,title_not_matched,apple_song_search_needs_review_version_risk,,false
graph_recording:recording|original broadway cast of a chorus line|one:recording_hardening_no_auto_match,apple_music_recording_hardening_pass_v1,recording|original broadway cast of a chorus line|one,graph_recording,recording,Original Broadway Cast of A Chorus Line,One,1975,us,recording_hardening_no_auto_match,29,68,4,artist_not_matched,apple_song_search_needs_review_version_risk,,false
graph_recording:recording|original broadway cast of be more chill|michael in the bathroom:recording_hardening_no_auto_match,apple_music_recording_hardening_pass_v1,recording|original broadway cast of be more chill|michael in the bathroom,graph_recording,recording,Original Broadway Cast of Be More Chill,Michael in the Bathroom,2018,us,recording_hardening_no_auto_match,22,79,2,artist_not_matched,apple_song_search_needs_review_version_risk,,false
graph_recording:recording|original broadway cast of chicago|razzle dazzle:recording_hardening_no_auto_match,apple_music_recording_hardening_pass_v1,recording|original broadway cast of chicago|razzle dazzle,graph_recording,recording,Original Broadway Cast of Chicago,Razzle Dazzle,1975,us,recording_hardening_no_auto_match,20,81,3,artist_not_matched,apple_song_search_needs_review_version_risk,,false
graph_recording:recording|paul winchell|wonderful thing about tiggers:recording_hardening_no_auto_match,apple_music_recording_hardening_pass_v1,recording|paul winchell|wonderful thing about tiggers,graph_recording,recording,Paul Winchell,The Wonderful Thing About Tiggers,1968,us,recording_hardening_no_auto_match,14,58,1,artist_not_matched,apple_song_search_no_results,,false
graph_recording:recording|philip glass|metamorphosis one:recording_hardening_no_auto_match,apple_music_recording_hardening_pass_v1,recording|philip glass|metamorphosis one,graph_recording,recording,Philip Glass,Metamorphosis One,1989,us,recording_hardening_no_auto_match,20,88,15,single_artist_only_featured_without_tight_year,apple_song_search_no_auto_match,,false
graph_recording:recording|rance allen group|something about the name jesus:recording_hardening_no_auto_match,apple_music_recording_hardening_pass_v1,recording|rance allen group|something about the name jesus,graph_recording,recording,Rance Allen Group,Something About the Name Jesus,2000,us,recording_hardening_no_auto_match,17,74,3,identity_evidence_below_threshold,apple_song_search_needs_review_version_risk,,false
graph_recording:recording|sammy davis jr|mr bojangles:recording_hardening_no_auto_match,apple_music_recording_hardening_pass_v1,recording|sammy davis jr|mr bojangles,graph_recording,recording,Sammy Davis Jr.,Mr. Bojangles,1972,us,recording_hardening_no_auto_match,23,73,8,artist_not_matched,apple_song_search_needs_review_version_risk,,false
graph_recording:recording|sarah vaughan|whatever lola wants:recording_hardening_no_auto_match,apple_music_recording_hardening_pass_v1,recording|sarah vaughan|whatever lola wants,graph_recording,recording,Sarah Vaughan,Whatever Lola Wants,1955,us,recording_hardening_no_auto_match,22,81,1,identity_evidence_below_threshold,apple_song_search_needs_review_version_risk,,false
graph_recording:recording|sterling holloway|little black rain cloud:recording_hardening_no_auto_match,apple_music_recording_hardening_pass_v1,recording|sterling holloway|little black rain cloud,graph_recording,recording,Sterling Holloway,Little Black Rain Cloud,1966,us,recording_hardening_no_auto_match,15,58,1,artist_not_matched,apple_song_search_no_results,,false
graph_recording:recording|vangelis|end titles from blade runner:recording_hardening_no_auto_match,apple_music_recording_hardening_pass_v1,recording|vangelis|end titles from blade runner,graph_recording,recording,Vangelis,End Titles from Blade Runner,1982,us,recording_hardening_no_auto_match,21,50,13,artist_not_matched,apple_song_search_needs_review_version_risk,,false
graph_recording:recording|yo yo ma|gabriel s oboe:recording_hardening_no_auto_match,apple_music_recording_hardening_pass_v1,recording|yo yo ma|gabriel s oboe,graph_recording,recording,Yo-Yo Ma,Gabriel's Oboe,2004,us,recording_hardening_no_auto_match,24,75,2,identity_evidence_below_threshold,apple_song_search_needs_review_version_risk,,false
