deferred_key,run_version,source_ref,source_type,source_candidate_type,artist_display_name,title,year,storefront,deferred_reason,candidate_count,best_score,best_result_rank,best_reject_reason,prior_review_reason,prior_best_reject_reason,error_message,raw_payload_persisted
graph_song:song||me and giuliani down by the school yard:direct_song_hardening_v2_no_auto_match,apple_music_direct_song_hardening_pass_v2,song||me and giuliani down by the school yard,graph_song,song,!!!,Me and Giuliani Down by the School Yard,2003,us,direct_song_hardening_v2_no_auto_match,10,48,1,title_not_strong_enough,apple_song_search_no_auto_match,artist_not_matched,,false
graph_song:song|13th floor elevators|reverberation:direct_song_hardening_v2_no_auto_match,apple_music_direct_song_hardening_pass_v2,song|13th floor elevators|reverberation,graph_song,song,13th Floor Elevators,Reverberation,1966,us,direct_song_hardening_v2_no_auto_match,10,80,3,title_not_strong_enough,apple_song_search_no_auto_match,,,false
graph_song:song|2 live crew|me so horny:direct_song_hardening_v2_no_auto_match,apple_music_direct_song_hardening_pass_v2,song|2 live crew|me so horny,graph_song,song,2 Live Crew,Me So Horny,1989,us,direct_song_hardening_v2_no_auto_match,8,81,2,title_not_strong_enough,apple_song_search_needs_review_version_risk,,,false
graph_song:song|30 seconds to mars|kill:direct_song_hardening_v2_no_auto_match,apple_music_direct_song_hardening_pass_v2,song|30 seconds to mars|kill,graph_song,song,30 Seconds to Mars,The Kill,2005,us,direct_song_hardening_v2_no_auto_match,10,48,1,title_not_strong_enough,apple_song_search_no_auto_match,artist_not_matched,,false
graph_song:song|action|i ll keep holding on:direct_song_hardening_v2_no_auto_match,apple_music_direct_song_hardening_pass_v2,song|action|i ll keep holding on,graph_song,song,The Action,I'll Keep Holding On,1966,us,direct_song_hardening_v2_no_auto_match,10,50,1,title_not_matched,apple_song_search_needs_review_version_risk,title_not_matched,,false
graph_song:song|allman brothers band|one way out:direct_song_hardening_v2_no_auto_match,apple_music_direct_song_hardening_pass_v2,song|allman brothers band|one way out,graph_song,song,The Allman Brothers Band,One Way Out,1972,us,direct_song_hardening_v2_no_auto_match,10,75,4,title_not_strong_enough,apple_song_search_needs_review_version_risk,,,false
graph_song:song|aly us|follow me:direct_song_hardening_v2_no_auto_match,apple_music_direct_song_hardening_pass_v2,song|aly us|follow me,graph_song,song,Aly-Us,Follow Me,1992,us,direct_song_hardening_v2_no_auto_match,10,77,2,title_not_strong_enough,apple_song_search_no_auto_match,,,false
graph_song:song|antonio aguilar|tristes recuerdos:direct_song_hardening_v2_no_auto_match,apple_music_direct_song_hardening_pass_v2,song|antonio aguilar|tristes recuerdos,graph_song,song,Antonio Aguilar,Tristes Recuerdos,1973,us,direct_song_hardening_v2_no_auto_match,10,64,3,artist_not_matched,apple_song_search_no_auto_match,artist_not_matched,,false
graph_song:song|aphex twin|come to daddy:direct_song_hardening_v2_no_auto_match,apple_music_direct_song_hardening_pass_v2,song|aphex twin|come to daddy,graph_song,song,Aphex Twin,Come to Daddy,1997,us,direct_song_hardening_v2_no_auto_match,10,82,1,title_not_strong_enough,apple_song_search_needs_review_version_risk,,,false
graph_song:song|aphex twin|girl boy song:direct_song_hardening_v2_no_auto_match,apple_music_direct_song_hardening_pass_v2,song|aphex twin|girl boy song,graph_song,song,Aphex Twin,Girl/Boy Song,1996,us,direct_song_hardening_v2_no_auto_match,10,82,1,title_not_strong_enough,apple_song_search_no_auto_match,,,false
graph_song:song|aso|snacks:direct_song_hardening_v2_no_auto_match,apple_music_direct_song_hardening_pass_v2,song|aso|snacks,graph_song,song,Aso,Snacks,2016,us,direct_song_hardening_v2_no_auto_match,10,12,1,title_not_matched,apple_song_search_no_auto_match,title_not_matched;artist_not_matched,,false
graph_song:song|babatunde olatunji|jin go lo ba:direct_song_hardening_v2_no_auto_match,apple_music_direct_song_hardening_pass_v2,song|babatunde olatunji|jin go lo ba,graph_song,song,Babatunde Olatunji,Jin-Go-Lo-Ba,1959,us,direct_song_hardening_v2_no_auto_match,2,82,1,title_not_strong_enough,apple_song_search_needs_review_version_risk,,,false
graph_song:song|babe rainbow|something:direct_song_hardening_v2_no_auto_match,apple_music_direct_song_hardening_pass_v2,song|babe rainbow|something,graph_song,song,Babe Rainbow,Something,2017,us,direct_song_hardening_v2_no_auto_match,10,81,2,title_not_strong_enough,apple_song_search_no_auto_match,,,false
graph_song:song|barbarians|moulty:direct_song_hardening_v2_no_auto_match,apple_music_direct_song_hardening_pass_v2,song|barbarians|moulty,graph_song,song,The Barbarians,Moulty,1966,us,direct_song_hardening_v2_no_auto_match,7,48,3,title_not_matched,apple_song_search_no_auto_match,title_not_matched,,false
graph_song:song|basic channel|phylyps trak ii:direct_song_hardening_v2_no_auto_match,apple_music_direct_song_hardening_pass_v2,song|basic channel|phylyps trak ii,graph_song,song,Basic Channel,Phylyps Trak II,1994,us,direct_song_hardening_v2_no_auto_match,10,82,1,title_not_strong_enough,apple_song_search_no_auto_match,,,false
graph_song:song|basic channel|quadrant dub:direct_song_hardening_v2_no_auto_match,apple_music_direct_song_hardening_pass_v2,song|basic channel|quadrant dub,graph_song,song,Basic Channel,Quadrant Dub,1994,us,direct_song_hardening_v2_no_auto_match,4,82,1,title_not_strong_enough,apple_song_search_no_auto_match,,,false
graph_song:song|ben e king|don t play that song:direct_song_hardening_v2_no_auto_match,apple_music_direct_song_hardening_pass_v2,song|ben e king|don t play that song,graph_song,song,Ben E. King,Don't Play That Song,1962,us,direct_song_hardening_v2_no_auto_match,10,82,1,title_not_strong_enough,apple_song_search_no_auto_match,,,false
graph_song:song|benjamin bratt|remember me:direct_song_hardening_v2_no_auto_match,apple_music_direct_song_hardening_pass_v2,song|benjamin bratt|remember me,graph_song,song,Benjamin Bratt,Remember Me,2017,us,direct_song_hardening_v2_no_auto_match,7,74,1,title_not_strong_enough,apple_song_search_no_auto_match,,,false
graph_song:song|bernard herrmann|prelude from psycho:direct_song_hardening_v2_no_auto_match,apple_music_direct_song_hardening_pass_v2,song|bernard herrmann|prelude from psycho,graph_song,song,Bernard Herrmann,Prelude from Psycho,1960,us,direct_song_hardening_v2_no_auto_match,10,78,5,title_not_strong_enough,apple_song_search_needs_review_version_risk,artist_not_matched,,false
graph_song:song|big l|ebonics:direct_song_hardening_v2_no_auto_match,apple_music_direct_song_hardening_pass_v2,song|big l|ebonics,graph_song,song,Big L,Ebonics,1998,us,direct_song_hardening_v2_no_auto_match,5,78,1,title_not_strong_enough,apple_song_search_needs_review_version_risk,,,false
graph_song:song|big pun feat fat joe|twinz deep cover 98:direct_song_hardening_v2_no_auto_match,apple_music_direct_song_hardening_pass_v2,song|big pun feat fat joe|twinz deep cover 98,graph_song,song,Big Pun feat. Fat Joe,Twinz (Deep Cover 98),1998,us,direct_song_hardening_v2_no_auto_match,10,68,7,title_not_strong_enough,apple_song_search_needs_review_version_risk,compatible_artist_without_tight_year,,false
graph_song:song|billy joe shaver|honky tonk heroes:direct_song_hardening_v2_version_term_needs_review,apple_music_direct_song_hardening_pass_v2,song|billy joe shaver|honky tonk heroes,graph_song,song,Billy Joe Shaver,Honky Tonk Heroes,1973,us,direct_song_hardening_v2_version_term_needs_review,10,49,1,version_term:live,apple_song_search_no_auto_match,version_term:live,,false
graph_song:song|black dog|virtual:direct_song_hardening_v2_no_auto_match,apple_music_direct_song_hardening_pass_v2,song|black dog|virtual,graph_song,song,The Black Dog,Virtual,1990,us,direct_song_hardening_v2_no_auto_match,3,36,1,title_not_strong_enough,apple_song_search_needs_review_version_risk,artist_not_matched,,false
graph_song:song|black star feat common|respiration flying high remix:direct_song_hardening_v2_no_auto_match,apple_music_direct_song_hardening_pass_v2,song|black star feat common|respiration flying high remix,graph_song,song,Black Star feat. Common,Respiration (Flying High Remix),1999,us,direct_song_hardening_v2_no_auto_match,9,78,1,title_not_strong_enough,apple_song_search_needs_review_version_risk,,,false
graph_song:song|bobby shmurda|hot n:direct_song_hardening_v2_no_auto_match,apple_music_direct_song_hardening_pass_v2,song|bobby shmurda|hot n,graph_song,song,Bobby Shmurda,Hot N****,2014,us,direct_song_hardening_v2_no_auto_match,10,81,2,title_not_strong_enough,apple_song_search_needs_review_version_risk,,,false
graph_song:song|body count|cop killer:direct_song_hardening_v2_no_auto_match,apple_music_direct_song_hardening_pass_v2,song|body count|cop killer,graph_song,song,Body Count,Cop Killer,1992,us,direct_song_hardening_v2_no_auto_match,10,63,8,artist_not_matched,apple_song_search_needs_review_version_risk,artist_not_matched,,false
graph_song:song|bsd u|lighter:direct_song_hardening_v2_no_auto_match,apple_music_direct_song_hardening_pass_v2,song|bsd u|lighter,graph_song,song,bsd.u,Lighter,2015,us,direct_song_hardening_v2_no_auto_match,10,50,1,title_not_matched,apple_song_search_no_auto_match,title_not_matched,,false
graph_song:song|bsd u|peach:direct_song_hardening_v2_no_auto_match,apple_music_direct_song_hardening_pass_v2,song|bsd u|peach,graph_song,song,bsd.u,peach,2014,us,direct_song_hardening_v2_no_auto_match,2,16,1,title_not_matched,apple_song_search_no_auto_match,title_not_matched;artist_not_matched,,false
graph_song:song|buzzcocks|ever fallen in love:direct_song_hardening_v2_no_auto_match,apple_music_direct_song_hardening_pass_v2,song|buzzcocks|ever fallen in love,graph_song,song,Buzzcocks,Ever Fallen in Love,1978,us,direct_song_hardening_v2_no_auto_match,10,82,1,title_not_strong_enough,apple_song_search_no_auto_match,,,false
graph_song:song|cajmere featuring dajae|brighter days:direct_song_hardening_v2_no_auto_match,apple_music_direct_song_hardening_pass_v2,song|cajmere featuring dajae|brighter days,graph_song,song,Cajmere featuring Dajae,Brighter Days,1992,us,direct_song_hardening_v2_no_auto_match,10,78,1,title_not_strong_enough,apple_song_search_no_auto_match,,,false
graph_song:song|cajmere|percolator:direct_song_hardening_v2_no_auto_match,apple_music_direct_song_hardening_pass_v2,song|cajmere|percolator,graph_song,song,Cajmere,Percolator,1992,us,direct_song_hardening_v2_no_auto_match,10,92,5,single_artist_only_featured_without_tight_year,apple_song_search_no_auto_match,,,false
graph_song:song|captain beefheart and his magic band|moonlight on vermont:direct_song_hardening_v2_version_term_needs_review,apple_music_direct_song_hardening_pass_v2,song|captain beefheart and his magic band|moonlight on vermont,graph_song,song,Captain Beefheart & His Magic Band,Moonlight on Vermont,1969,us,direct_song_hardening_v2_version_term_needs_review,10,43,3,version_term:live,apple_song_search_no_auto_match,version_term:live,,false
graph_song:song|ceelo green|closet freak:direct_song_hardening_v2_no_auto_match,apple_music_direct_song_hardening_pass_v2,song|ceelo green|closet freak,graph_song,song,CeeLo Green,Closet Freak,2002,us,direct_song_hardening_v2_no_auto_match,10,68,2,artist_not_matched,apple_song_search_no_auto_match,artist_not_matched,,false
graph_song:song|channel one|technicolor:direct_song_hardening_v2_no_auto_match,apple_music_direct_song_hardening_pass_v2,song|channel one|technicolor,graph_song,song,Channel One,Technicolor,1986,us,direct_song_hardening_v2_no_auto_match,1,66,1,artist_not_matched,apple_song_search_no_auto_match,artist_not_matched,,false
graph_song:song|cher|after all:direct_song_hardening_v2_no_auto_match,apple_music_direct_song_hardening_pass_v2,song|cher|after all,graph_song,song,Cher,After All,1989,us,direct_song_hardening_v2_no_auto_match,10,82,1,title_not_strong_enough,apple_song_search_no_auto_match,artist_not_matched,,false
graph_song:song|chuck berry|school day:direct_song_hardening_v2_no_auto_match,apple_music_direct_song_hardening_pass_v2,song|chuck berry|school day,graph_song,song,Chuck Berry,School Day,1957,us,direct_song_hardening_v2_no_auto_match,10,82,1,title_not_strong_enough,apple_song_search_no_auto_match,,,false
graph_song:song|ckay|love nwantiti:direct_song_hardening_v2_no_auto_match,apple_music_direct_song_hardening_pass_v2,song|ckay|love nwantiti,graph_song,song,CKay,Love Nwantiti,2019,us,direct_song_hardening_v2_no_auto_match,10,82,1,title_not_strong_enough,apple_song_search_needs_review_version_risk,,,false
graph_song:song|comsat angels|independence day:direct_song_hardening_v2_no_results,apple_music_direct_song_hardening_pass_v2,song|comsat angels|independence day,graph_song,song,The Comsat Angels,Independence Day,1980,us,direct_song_hardening_v2_no_results,0,,,,apple_song_search_no_results,,,false
graph_song:song|cookies|don t say nothin bad:direct_song_hardening_v2_no_auto_match,apple_music_direct_song_hardening_pass_v2,song|cookies|don t say nothin bad,graph_song,song,The Cookies,Don't Say Nothin' Bad,1963,us,direct_song_hardening_v2_no_auto_match,10,70,1,title_not_strong_enough,apple_song_search_no_auto_match,,,false
graph_song:song|crystal waters|gypsy woman she s homeless:direct_song_hardening_v2_no_auto_match,apple_music_direct_song_hardening_pass_v2,song|crystal waters|gypsy woman she s homeless,graph_song,song,Crystal Waters,Gypsy Woman (She's Homeless),1991,us,direct_song_hardening_v2_no_auto_match,10,82,1,title_not_strong_enough,apple_song_search_no_auto_match,,,false
graph_song:song|curve|coast is clear:direct_song_hardening_v2_no_auto_match,apple_music_direct_song_hardening_pass_v2,song|curve|coast is clear,graph_song,song,Curve,Coast Is Clear,1991,us,direct_song_hardening_v2_no_auto_match,10,68,3,artist_not_matched,apple_song_search_no_auto_match,artist_not_matched,,false
graph_song:song|curve|horror head:direct_song_hardening_v2_no_results,apple_music_direct_song_hardening_pass_v2,song|curve|horror head,graph_song,song,Curve,Horror Head,1992,us,direct_song_hardening_v2_no_results,0,,,,apple_song_search_no_results,,,false
graph_song:song|d o a|fucked up ronnie:direct_song_hardening_v2_no_auto_match,apple_music_direct_song_hardening_pass_v2,song|d o a|fucked up ronnie,graph_song,song,D.O.A.,Fucked Up Ronnie,1981,us,direct_song_hardening_v2_no_auto_match,10,54,1,title_not_matched,apple_song_search_needs_review_version_risk,title_not_matched,,false
graph_song:song|daily flash|jack of diamonds:direct_song_hardening_v2_no_auto_match,apple_music_direct_song_hardening_pass_v2,song|daily flash|jack of diamonds,graph_song,song,The Daily Flash,Jack of Diamonds,1966,us,direct_song_hardening_v2_no_auto_match,10,12,1,title_not_matched,apple_song_search_needs_review_version_risk,title_not_matched;artist_not_matched,,false
graph_song:song|dakhabrakha|sho z pod duba:direct_song_hardening_v2_no_results,apple_music_direct_song_hardening_pass_v2,song|dakhabrakha|sho z pod duba,graph_song,song,DakhaBrakha,Sho Z-Pod Duba,2007,us,direct_song_hardening_v2_no_results,0,,,,apple_song_search_no_results,,,false
graph_song:song|dbx|losing control:direct_song_hardening_v2_no_auto_match,apple_music_direct_song_hardening_pass_v2,song|dbx|losing control,graph_song,song,DBX,Losing Control,1994,us,direct_song_hardening_v2_no_auto_match,10,73,2,title_not_strong_enough,apple_song_search_needs_review_version_risk,,,false
graph_song:song|dean martin|sway:direct_song_hardening_v2_no_auto_match,apple_music_direct_song_hardening_pass_v2,song|dean martin|sway,graph_song,song,Dean Martin,Sway,1954,us,direct_song_hardening_v2_no_auto_match,10,82,1,title_not_strong_enough,apple_song_search_no_auto_match,,,false
graph_song:song|dem franchize boyz|i think they like me:direct_song_hardening_v2_no_auto_match,apple_music_direct_song_hardening_pass_v2,song|dem franchize boyz|i think they like me,graph_song,song,Dem Franchize Boyz,I Think They Like Me,2005,us,direct_song_hardening_v2_no_auto_match,10,74,10,title_not_strong_enough,apple_song_search_needs_review_version_risk,,,false
graph_song:song|destiny s child|independent women part i:direct_song_hardening_v2_no_auto_match,apple_music_direct_song_hardening_pass_v2,song|destiny s child|independent women part i,graph_song,song,Destiny's Child,Independent Women Part I,2000,us,direct_song_hardening_v2_no_auto_match,10,54,1,title_not_matched,apple_song_search_no_auto_match,title_not_matched,,false
graph_song:song|dj kool|let me clear my throat:direct_song_hardening_v2_no_auto_match,apple_music_direct_song_hardening_pass_v2,song|dj kool|let me clear my throat,graph_song,song,DJ Kool,Let Me Clear My Throat,1996,us,direct_song_hardening_v2_no_auto_match,10,68,3,title_not_strong_enough,apple_song_search_no_auto_match,,,false
graph_song:song|dna|not moving:direct_song_hardening_v2_no_auto_match,apple_music_direct_song_hardening_pass_v2,song|dna|not moving,graph_song,song,DNA,Not Moving,1978,us,direct_song_hardening_v2_no_auto_match,10,8,1,title_not_matched,apple_song_search_no_auto_match,title_not_matched;artist_not_matched,,false
graph_song:song|donnie mcclurkin|stand:direct_song_hardening_v2_no_auto_match,apple_music_direct_song_hardening_pass_v2,song|donnie mcclurkin|stand,graph_song,song,Donnie McClurkin,Stand,1996,us,direct_song_hardening_v2_no_auto_match,10,64,7,title_not_strong_enough,apple_song_search_no_auto_match,artist_not_matched,,false
graph_song:song|doug sahm and band|is anybody goin to san antone:direct_song_hardening_v2_no_auto_match,apple_music_direct_song_hardening_pass_v2,song|doug sahm and band|is anybody goin to san antone,graph_song,song,Doug Sahm and Band,Is Anybody Goin' to San Antone,1973,us,direct_song_hardening_v2_no_auto_match,10,52,3,title_not_matched,apple_song_search_no_auto_match,title_not_matched,,false
graph_song:song|dovers|what am i going to do:direct_song_hardening_v2_no_auto_match,apple_music_direct_song_hardening_pass_v2,song|dovers|what am i going to do,graph_song,song,The Dovers,What Am I Going to Do,1965,us,direct_song_hardening_v2_no_auto_match,10,8,1,title_not_matched,apple_song_search_no_auto_match,title_not_matched;artist_not_matched,,false
graph_song:song|dr dre|dre day:direct_song_hardening_v2_no_auto_match,apple_music_direct_song_hardening_pass_v2,song|dr dre|dre day,graph_song,song,Dr. Dre,Dre Day,1992,us,direct_song_hardening_v2_no_auto_match,10,82,1,title_not_strong_enough,apple_song_search_needs_review_version_risk,,,false
graph_song:song|dwight twilley band|girls:direct_song_hardening_v2_no_auto_match,apple_music_direct_song_hardening_pass_v2,song|dwight twilley band|girls,graph_song,song,Dwight Twilley Band,Girls,1984,us,direct_song_hardening_v2_no_auto_match,10,46,1,title_not_matched,apple_song_search_no_auto_match,title_not_matched,,false
graph_song:song|eddie cochran|something else:direct_song_hardening_v2_no_auto_match,apple_music_direct_song_hardening_pass_v2,song|eddie cochran|something else,graph_song,song,Eddie Cochran,Something Else,1959,us,direct_song_hardening_v2_no_auto_match,10,51,4,title_not_matched,apple_song_search_no_auto_match,title_not_matched,,false
graph_song:song|eevee|house of memories:direct_song_hardening_v2_no_auto_match,apple_music_direct_song_hardening_pass_v2,song|eevee|house of memories,graph_song,song,eevee,house of memories,2016,us,direct_song_hardening_v2_no_auto_match,10,78,1,artist_not_matched,apple_song_search_no_auto_match,artist_not_matched,,false
graph_song:song|eevee|jazz scratches:direct_song_hardening_v2_no_results,apple_music_direct_song_hardening_pass_v2,song|eevee|jazz scratches,graph_song,song,eevee,jazz scratches,2016,us,direct_song_hardening_v2_no_results,0,,,,apple_song_search_no_results,,,false
graph_song:song|eevee|m i s t:direct_song_hardening_v2_no_results,apple_music_direct_song_hardening_pass_v2,song|eevee|m i s t,graph_song,song,eevee,m i s t,2016,us,direct_song_hardening_v2_no_results,0,,,,apple_song_search_no_results,,,false
graph_song:song|eevee|vibes:direct_song_hardening_v2_no_auto_match,apple_music_direct_song_hardening_pass_v2,song|eevee|vibes,graph_song,song,eevee,vibes,2018,us,direct_song_hardening_v2_no_auto_match,10,45,2,title_not_matched,apple_song_search_no_auto_match,title_not_matched,,false
graph_song:song|eiffel 65|blue da ba dee:direct_song_hardening_v2_no_auto_match,apple_music_direct_song_hardening_pass_v2,song|eiffel 65|blue da ba dee,graph_song,song,Eiffel 65,Blue (Da Ba Dee),1998,us,direct_song_hardening_v2_no_auto_match,10,82,1,title_not_strong_enough,apple_song_search_needs_review_version_risk,,,false
graph_song:song|elevation worship|rattle:direct_song_hardening_v2_no_auto_match,apple_music_direct_song_hardening_pass_v2,song|elevation worship|rattle,graph_song,song,Elevation Worship,RATTLE!,2020,us,direct_song_hardening_v2_no_auto_match,10,77,2,title_not_strong_enough,apple_song_search_needs_review_version_risk,artist_not_matched,,false
graph_song:song|elizabeth mitchell|you are my sunshine:direct_song_hardening_v2_no_auto_match,apple_music_direct_song_hardening_pass_v2,song|elizabeth mitchell|you are my sunshine,graph_song,song,Elizabeth Mitchell,You Are My Sunshine,2002,us,direct_song_hardening_v2_no_auto_match,10,82,1,title_not_strong_enough,apple_song_search_needs_review_version_risk,,,false
graph_song:song|elton john|rocket man:direct_song_hardening_v2_no_auto_match,apple_music_direct_song_hardening_pass_v2,song|elton john|rocket man,graph_song,song,Elton John,Rocket Man,1972,us,direct_song_hardening_v2_no_auto_match,10,82,1,title_not_strong_enough,apple_song_search_no_auto_match,,,false
graph_song:song|ennio morricone|nuovo cinema paradiso:direct_song_hardening_v2_no_auto_match,apple_music_direct_song_hardening_pass_v2,song|ennio morricone|nuovo cinema paradiso,graph_song,song,Ennio Morricone,Nuovo Cinema Paradiso,1988,us,direct_song_hardening_v2_no_auto_match,10,79,4,title_not_strong_enough,apple_song_search_needs_review_version_risk,,,false
graph_song:song|erykah badu|tyrone:direct_song_hardening_v2_no_auto_match,apple_music_direct_song_hardening_pass_v2,song|erykah badu|tyrone,graph_song,song,Erykah Badu,Tyrone,1997,us,direct_song_hardening_v2_no_auto_match,10,82,1,title_not_strong_enough,apple_song_search_needs_review_version_risk,,,false
graph_song:song|ethel merman|rose s turn:direct_song_hardening_v2_no_auto_match,apple_music_direct_song_hardening_pass_v2,song|ethel merman|rose s turn,graph_song,song,Ethel Merman,Rose's Turn,1959,us,direct_song_hardening_v2_no_auto_match,10,81,2,title_not_strong_enough,apple_song_search_needs_review_version_risk,,,false
graph_song:song|five for fighting|superman:direct_song_hardening_v2_no_auto_match,apple_music_direct_song_hardening_pass_v2,song|five for fighting|superman,graph_song,song,Five for Fighting,Superman,2001,us,direct_song_hardening_v2_no_auto_match,10,82,1,title_not_strong_enough,apple_song_search_no_auto_match,,,false
graph_song:song|floating points|silhouettes:direct_song_hardening_v2_no_auto_match,apple_music_direct_song_hardening_pass_v2,song|floating points|silhouettes,graph_song,song,Floating Points,Silhouettes,2015,us,direct_song_hardening_v2_no_auto_match,10,82,1,title_not_strong_enough,apple_song_search_needs_review_version_risk,,,false
graph_song:song|four tops|i can t help myself:direct_song_hardening_v2_no_auto_match,apple_music_direct_song_hardening_pass_v2,song|four tops|i can t help myself,graph_song,song,Four Tops,I Can't Help Myself,1965,us,direct_song_hardening_v2_no_auto_match,10,82,1,title_not_strong_enough,apple_song_search_no_auto_match,,,false
graph_song:song|frank oz as cookie monster|c is for cookie:direct_song_hardening_v2_no_results,apple_music_direct_song_hardening_pass_v2,song|frank oz as cookie monster|c is for cookie,graph_song,song,Frank Oz as Cookie Monster,C Is for Cookie,1971,us,direct_song_hardening_v2_no_results,0,,,,apple_song_search_no_results,,,false
graph_song:song|frankie knuckles presents satoshi tomiie|tears:direct_song_hardening_v2_no_auto_match,apple_music_direct_song_hardening_pass_v2,song|frankie knuckles presents satoshi tomiie|tears,graph_song,song,Frankie Knuckles presents Satoshi Tomiie,Tears,1989,us,direct_song_hardening_v2_no_auto_match,10,35,2,title_not_strong_enough,apple_song_search_no_auto_match,artist_not_matched,,false
graph_song:song|funkadelic|not just knee deep:direct_song_hardening_v2_no_auto_match,apple_music_direct_song_hardening_pass_v2,song|funkadelic|not just knee deep,graph_song,song,Funkadelic,Not Just Knee Deep,1979,us,direct_song_hardening_v2_no_auto_match,10,70,1,title_not_strong_enough,apple_song_search_no_auto_match,,,false
graph_song:song|future|fuck up some commas:direct_song_hardening_v2_no_auto_match,apple_music_direct_song_hardening_pass_v2,song|future|fuck up some commas,graph_song,song,Future,Fuck Up Some Commas,2015,us,direct_song_hardening_v2_no_auto_match,10,76,3,title_not_strong_enough,apple_song_search_needs_review_version_risk,,,false
graph_song:song|garth brooks|ain t going down til the sun comes up:direct_song_hardening_v2_no_auto_match,apple_music_direct_song_hardening_pass_v2,song|garth brooks|ain t going down til the sun comes up,graph_song,song,Garth Brooks,Ain't Going Down ('Til the Sun Comes Up),1993,us,direct_song_hardening_v2_no_auto_match,10,64,3,artist_not_matched,apple_song_search_no_auto_match,artist_not_matched,,false
graph_song:song|garth brooks|callin baton rouge:direct_song_hardening_v2_no_auto_match,apple_music_direct_song_hardening_pass_v2,song|garth brooks|callin baton rouge,graph_song,song,Garth Brooks,Callin' Baton Rouge,1993,us,direct_song_hardening_v2_no_auto_match,10,67,4,artist_not_matched,apple_song_search_needs_review_version_risk,compatible_artist_without_tight_year,,false
graph_song:song|garth brooks|dance:direct_song_hardening_v2_context_term_needs_review,apple_music_direct_song_hardening_pass_v2,song|garth brooks|dance,graph_song,song,Garth Brooks,The Dance,1990,us,direct_song_hardening_v2_context_term_needs_review,10,65,1,context_term:tribute,apple_song_search_no_auto_match,compatible_artist_without_tight_year,,false
graph_song:song|garth brooks|friends in low places:direct_song_hardening_v2_no_auto_match,apple_music_direct_song_hardening_pass_v2,song|garth brooks|friends in low places,graph_song,song,Garth Brooks,Friends in Low Places,1990,us,direct_song_hardening_v2_no_auto_match,10,75,4,artist_not_matched,apple_song_search_no_auto_match,compatible_artist_without_tight_year,,false
graph_song:song|garth brooks|much too young to feel this damn old:direct_song_hardening_v2_context_term_needs_review,apple_music_direct_song_hardening_pass_v2,song|garth brooks|much too young to feel this damn old,graph_song,song,Garth Brooks,Much Too Young (To Feel This Damn Old),1989,us,direct_song_hardening_v2_context_term_needs_review,10,64,2,context_term:tribute,apple_song_search_no_auto_match,compatible_artist_without_tight_year,,false
graph_song:song|garth brooks|river:direct_song_hardening_v2_context_term_needs_review,apple_music_direct_song_hardening_pass_v2,song|garth brooks|river,graph_song,song,Garth Brooks,The River,1992,us,direct_song_hardening_v2_context_term_needs_review,10,65,1,context_term:tribute,apple_song_search_no_auto_match,compatible_artist_without_tight_year,,false
graph_song:song|garth brooks|rodeo:direct_song_hardening_v2_context_term_needs_review,apple_music_direct_song_hardening_pass_v2,song|garth brooks|rodeo,graph_song,song,Garth Brooks,Rodeo,1991,us,direct_song_hardening_v2_context_term_needs_review,10,65,1,context_term:tribute,apple_song_search_no_auto_match,compatible_artist_without_tight_year,,false
graph_song:song|garth brooks|thunder rolls:direct_song_hardening_v2_context_term_needs_review,apple_music_direct_song_hardening_pass_v2,song|garth brooks|thunder rolls,graph_song,song,Garth Brooks,The Thunder Rolls,1990,us,direct_song_hardening_v2_context_term_needs_review,10,65,1,context_term:tribute,apple_song_search_no_auto_match,compatible_artist_without_tight_year,,false
graph_song:song|gene autry|here comes santa claus:direct_song_hardening_v2_no_auto_match,apple_music_direct_song_hardening_pass_v2,song|gene autry|here comes santa claus,graph_song,song,Gene Autry,Here Comes Santa Claus,1947,us,direct_song_hardening_v2_no_auto_match,10,82,1,title_not_strong_enough,apple_song_search_needs_review_version_risk,,,false
graph_song:song|gmwa women of worship|order my steps:direct_song_hardening_v2_no_auto_match,apple_music_direct_song_hardening_pass_v2,song|gmwa women of worship|order my steps,graph_song,song,GMWA Women of Worship,Order My Steps,1996,us,direct_song_hardening_v2_no_auto_match,10,76,3,artist_not_matched,apple_song_search_needs_review_version_risk,artist_not_matched,,false
graph_song:song|grandmaster flash and melle mel|white lines:direct_song_hardening_v2_no_auto_match,apple_music_direct_song_hardening_pass_v2,song|grandmaster flash and melle mel|white lines,graph_song,song,Grandmaster Flash & Melle Mel,White Lines,1983,us,direct_song_hardening_v2_no_auto_match,10,70,1,title_not_strong_enough,apple_song_search_no_auto_match,,,false
graph_song:song|green day|j a r:direct_song_hardening_v2_no_auto_match,apple_music_direct_song_hardening_pass_v2,song|green day|j a r,graph_song,song,Green Day,J.A.R.,1995,us,direct_song_hardening_v2_no_auto_match,10,82,1,title_not_strong_enough,apple_song_search_needs_review_version_risk,,,false
graph_song:song|grupo firme and lenin ramirez|yo ya no vuelvo contigo:direct_song_hardening_v2_no_auto_match,apple_music_direct_song_hardening_pass_v2,song|grupo firme and lenin ramirez|yo ya no vuelvo contigo,graph_song,song,Grupo Firme and Lenin Ramirez,Yo Ya No Vuelvo Contigo,2019,us,direct_song_hardening_v2_no_auto_match,10,77,2,title_not_strong_enough,apple_song_search_no_auto_match,artist_not_matched,,false
graph_song:song|grupo frontera|no se va:direct_song_hardening_v2_no_auto_match,apple_music_direct_song_hardening_pass_v2,song|grupo frontera|no se va,graph_song,song,Grupo Frontera,No Se Va,2022,us,direct_song_hardening_v2_no_auto_match,10,82,1,title_not_strong_enough,apple_song_search_no_auto_match,,,false
graph_song:song|gusto|disco s revenge:direct_song_hardening_v2_no_auto_match,apple_music_direct_song_hardening_pass_v2,song|gusto|disco s revenge,graph_song,song,Gusto,Disco's Revenge,1995,us,direct_song_hardening_v2_no_auto_match,10,82,1,title_not_strong_enough,apple_song_search_no_auto_match,,,false
graph_song:song|harry connick jr|it had to be you:direct_song_hardening_v2_no_auto_match,apple_music_direct_song_hardening_pass_v2,song|harry connick jr|it had to be you,graph_song,song,Harry Connick Jr.,It Had to Be You,1989,us,direct_song_hardening_v2_no_auto_match,10,65,6,artist_not_matched,apple_song_search_needs_review_version_risk,,,false
graph_song:song|hildur gudnadottir|bathroom dance:direct_song_hardening_v2_no_auto_match,apple_music_direct_song_hardening_pass_v2,song|hildur gudnadottir|bathroom dance,graph_song,song,Hildur Gudnadottir,Bathroom Dance,2019,us,direct_song_hardening_v2_no_auto_match,10,78,1,artist_not_matched,apple_song_search_needs_review_version_risk,artist_not_matched,,false
graph_song:song|hillsong united|from the inside out:direct_song_hardening_v2_no_auto_match,apple_music_direct_song_hardening_pass_v2,song|hillsong united|from the inside out,graph_song,song,Hillsong United,From the Inside Out,2006,us,direct_song_hardening_v2_no_auto_match,10,68,3,artist_not_matched,apple_song_search_no_auto_match,artist_not_matched,,false
graph_song:song|human league|love action:direct_song_hardening_v2_no_auto_match,apple_music_direct_song_hardening_pass_v2,song|human league|love action,graph_song,song,The Human League,Love Action,1981,us,direct_song_hardening_v2_no_auto_match,10,82,1,title_not_strong_enough,apple_song_search_no_auto_match,,,false
graph_song:song|ibrahim ferrer|dos gardenias:direct_song_hardening_v2_context_term_needs_review,apple_music_direct_song_hardening_pass_v2,song|ibrahim ferrer|dos gardenias,graph_song,song,Ibrahim Ferrer,Dos Gardenias,1997,us,direct_song_hardening_v2_context_term_needs_review,8,65,1,context_term:artist_suffix_jr,apple_song_search_no_auto_match,compatible_artist_without_tight_year,,false
graph_song:song|idealism|both of us:direct_song_hardening_v2_no_auto_match,apple_music_direct_song_hardening_pass_v2,song|idealism|both of us,graph_song,song,idealism,both of us,2016,us,direct_song_hardening_v2_no_auto_match,4,16,1,title_not_matched,apple_song_search_no_auto_match,title_not_matched;artist_not_matched,,false
graph_song:song|idealism|hiraeth:direct_song_hardening_v2_no_auto_match,apple_music_direct_song_hardening_pass_v2,song|idealism|hiraeth,graph_song,song,idealism,Hiraeth,2018,us,direct_song_hardening_v2_no_auto_match,10,50,1,title_not_matched,apple_song_search_no_auto_match,title_not_matched,,false
graph_song:song|il divo|regresa a mi:direct_song_hardening_v2_no_auto_match,apple_music_direct_song_hardening_pass_v2,song|il divo|regresa a mi,graph_song,song,Il Divo,Regresa a Mi,2004,us,direct_song_hardening_v2_no_auto_match,10,82,1,title_not_strong_enough,apple_song_search_needs_review_version_risk,,,false
graph_song:song|imperial brothers|we come to rock:direct_song_hardening_v2_no_auto_match,apple_music_direct_song_hardening_pass_v2,song|imperial brothers|we come to rock,graph_song,song,Imperial Brothers,We Come to Rock,1984,us,direct_song_hardening_v2_no_auto_match,10,42,1,title_not_matched,apple_song_search_no_auto_match,title_not_matched,,false
graph_song:song|injury reserve feat amine and rico nasty|jailbreak the tesla:direct_song_hardening_v2_version_term_needs_review,apple_music_direct_song_hardening_pass_v2,song|injury reserve feat amine and rico nasty|jailbreak the tesla,graph_song,song,Injury Reserve feat. Aminé and Rico Nasty,Jailbreak the Tesla,2019,us,direct_song_hardening_v2_version_term_needs_review,2,45,1,version_term:remix,apple_song_search_needs_review_version_risk,version_term:remix,,false
graph_song:song|innerzone orchestra|bug in the bassbin:direct_song_hardening_v2_version_term_needs_review,apple_music_direct_song_hardening_pass_v2,song|innerzone orchestra|bug in the bassbin,graph_song,song,Innerzone Orchestra,Bug in the Bassbin,1992,us,direct_song_hardening_v2_version_term_needs_review,4,57,1,version_term:remix,apple_song_search_no_auto_match,version_term:remix,,false
graph_song:song|isley brothers|fight the power:direct_song_hardening_v2_no_auto_match,apple_music_direct_song_hardening_pass_v2,song|isley brothers|fight the power,graph_song,song,The Isley Brothers,Fight the Power,1975,us,direct_song_hardening_v2_no_auto_match,10,82,1,title_not_strong_enough,apple_song_search_no_auto_match,,,false
graph_song:song|isley brothers|pride:direct_song_hardening_v2_no_auto_match,apple_music_direct_song_hardening_pass_v2,song|isley brothers|pride,graph_song,song,The Isley Brothers,The Pride,1977,us,direct_song_hardening_v2_no_auto_match,10,81,2,title_not_strong_enough,apple_song_search_no_auto_match,,,false
graph_song:song|isley brothers|that lady:direct_song_hardening_v2_no_auto_match,apple_music_direct_song_hardening_pass_v2,song|isley brothers|that lady,graph_song,song,The Isley Brothers,That Lady,1973,us,direct_song_hardening_v2_no_auto_match,10,82,1,title_not_strong_enough,apple_song_search_needs_review_version_risk,,,false
graph_song:song|j san|awake:direct_song_hardening_v2_no_auto_match,apple_music_direct_song_hardening_pass_v2,song|j san|awake,graph_song,song,j'san,awake,2017,us,direct_song_hardening_v2_no_auto_match,10,77,2,title_not_strong_enough,apple_song_search_no_auto_match,,,false
graph_song:song|jackson 5|santa claus is comin to town:direct_song_hardening_v2_no_auto_match,apple_music_direct_song_hardening_pass_v2,song|jackson 5|santa claus is comin to town,graph_song,song,The Jackson 5,Santa Claus Is Comin' to Town,1970,us,direct_song_hardening_v2_no_auto_match,10,58,9,artist_not_matched,apple_song_search_needs_review_version_risk,artist_not_matched,,false
graph_song:song|jay z and kanye west|n s in paris:direct_song_hardening_v2_no_auto_match,apple_music_direct_song_hardening_pass_v2,song|jay z and kanye west|n s in paris,graph_song,song,Jay-Z and Kanye West,N****s in Paris,2011,us,direct_song_hardening_v2_no_auto_match,10,54,1,title_not_matched,apple_song_search_needs_review_version_risk,title_not_matched,,false
graph_song:song|jayhawks|waiting for a superman:direct_song_hardening_v2_no_results,apple_music_direct_song_hardening_pass_v2,song|jayhawks|waiting for a superman,graph_song,song,The Jayhawks,Waiting for a Superman,2003,us,direct_song_hardening_v2_no_results,0,,,,apple_song_search_no_results,,,false
graph_song:song|jeff mills|alarms:direct_song_hardening_v2_no_auto_match,apple_music_direct_song_hardening_pass_v2,song|jeff mills|alarms,graph_song,song,Jeff Mills,Alarms,1996,us,direct_song_hardening_v2_no_auto_match,8,70,1,title_not_strong_enough,apple_song_search_no_auto_match,,,false
graph_song:song|jenn johnson|revelation song:direct_song_hardening_v2_no_auto_match,apple_music_direct_song_hardening_pass_v2,song|jenn johnson|revelation song,graph_song,song,Jenn Johnson,Revelation Song,2009,us,direct_song_hardening_v2_no_auto_match,3,68,3,artist_not_matched,apple_song_search_needs_review_version_risk,artist_not_matched,,false
graph_song:song|jennifer lopez|jenny from the block:direct_song_hardening_v2_no_auto_match,apple_music_direct_song_hardening_pass_v2,song|jennifer lopez|jenny from the block,graph_song,song,Jennifer Lopez,Jenny from the Block,2002,us,direct_song_hardening_v2_no_auto_match,10,75,8,title_not_strong_enough,apple_song_search_no_auto_match,,,false
graph_song:song|jesus culture|one thing remains:direct_song_hardening_v2_no_auto_match,apple_music_direct_song_hardening_pass_v2,song|jesus culture|one thing remains,graph_song,song,Jesus Culture,One Thing Remains,2011,us,direct_song_hardening_v2_no_auto_match,10,77,2,artist_not_matched,apple_song_search_needs_review_version_risk,artist_not_matched,,false
graph_song:song|jim croce|operator:direct_song_hardening_v2_no_auto_match,apple_music_direct_song_hardening_pass_v2,song|jim croce|operator,graph_song,song,Jim Croce,Operator,1972,us,direct_song_hardening_v2_no_auto_match,10,82,1,title_not_strong_enough,apple_song_search_no_auto_match,,,false
graph_song:song|jim henson as ernie|rubber duckie:direct_song_hardening_v2_no_auto_match,apple_music_direct_song_hardening_pass_v2,song|jim henson as ernie|rubber duckie,graph_song,song,Jim Henson as Ernie,Rubber Duckie,1970,us,direct_song_hardening_v2_no_auto_match,4,66,1,artist_not_matched,apple_song_search_needs_review_version_risk,compatible_artist_without_tight_year,,false
graph_song:song|jinsang|life:direct_song_hardening_v2_no_auto_match,apple_music_direct_song_hardening_pass_v2,song|jinsang|life,graph_song,song,Jinsang,Life,2016,us,direct_song_hardening_v2_no_auto_match,10,54,1,title_not_matched,apple_song_search_no_auto_match,title_not_matched,,false
graph_song:song|john barry orchestra|james bond theme:direct_song_hardening_v2_no_auto_match,apple_music_direct_song_hardening_pass_v2,song|john barry orchestra|james bond theme,graph_song,song,John Barry Orchestra,James Bond Theme,1962,us,direct_song_hardening_v2_no_auto_match,10,64,3,artist_not_matched,apple_song_search_no_auto_match,artist_not_matched,,false
graph_song:song|john williams|across the stars:direct_song_hardening_v2_no_auto_match,apple_music_direct_song_hardening_pass_v2,song|john williams|across the stars,graph_song,song,John Williams,Across the Stars,2002,us,direct_song_hardening_v2_no_auto_match,10,82,1,title_not_strong_enough,apple_song_search_needs_review_version_risk,,,false
graph_song:song|john williams|flying theme:direct_song_hardening_v2_no_auto_match,apple_music_direct_song_hardening_pass_v2,song|john williams|flying theme,graph_song,song,John Williams,Flying Theme,1982,us,direct_song_hardening_v2_no_auto_match,10,73,2,title_not_strong_enough,apple_song_search_needs_review_version_risk,compatible_artist_without_tight_year,,false
graph_song:song|john williams|imperial march:direct_song_hardening_v2_no_auto_match,apple_music_direct_song_hardening_pass_v2,song|john williams|imperial march,graph_song,song,John Williams,The Imperial March,1980,us,direct_song_hardening_v2_no_auto_match,10,78,5,title_not_strong_enough,apple_song_search_no_auto_match,artist_not_matched,,false
graph_song:song|john williams|theme from superman:direct_song_hardening_v2_no_auto_match,apple_music_direct_song_hardening_pass_v2,song|john williams|theme from superman,graph_song,song,John Williams,Theme from Superman,1978,us,direct_song_hardening_v2_no_auto_match,10,82,1,title_not_strong_enough,apple_song_search_needs_review_version_risk,,,false
graph_song:song|juan atkins|techno city:direct_song_hardening_v2_no_auto_match,apple_music_direct_song_hardening_pass_v2,song|juan atkins|techno city,graph_song,song,Juan Atkins,Techno City,1984,us,direct_song_hardening_v2_no_auto_match,10,42,1,title_not_matched,apple_song_search_no_auto_match,title_not_matched,,false
graph_song:song|kaleidoscope|a dream for julie:direct_song_hardening_v2_no_results,apple_music_direct_song_hardening_pass_v2,song|kaleidoscope|a dream for julie,graph_song,song,Kaleidoscope,A Dream for Julie,1968,us,direct_song_hardening_v2_no_results,0,,,,apple_song_search_no_results,,,false
graph_song:song|karen o and ezra koenig|moon song:direct_song_hardening_v2_no_auto_match,apple_music_direct_song_hardening_pass_v2,song|karen o and ezra koenig|moon song,graph_song,song,Karen O and Ezra Koenig,The Moon Song,2013,us,direct_song_hardening_v2_no_auto_match,10,78,1,title_not_strong_enough,apple_song_search_needs_review_version_risk,,,false
graph_song:song|katherine jenkins|time to say goodbye:direct_song_hardening_v2_no_auto_match,apple_music_direct_song_hardening_pass_v2,song|katherine jenkins|time to say goodbye,graph_song,song,Katherine Jenkins,Time to Say Goodbye,2004,us,direct_song_hardening_v2_no_auto_match,2,78,1,title_not_strong_enough,apple_song_search_needs_review_version_risk,,,false
graph_song:song|kerri chandler|atmosphere:direct_song_hardening_v2_version_term_needs_review,apple_music_direct_song_hardening_pass_v2,song|kerri chandler|atmosphere,graph_song,song,Kerri Chandler,Atmosphere,1993,us,direct_song_hardening_v2_version_term_needs_review,10,49,1,version_term:dub,apple_song_search_needs_review_version_risk,version_term:dub,,false
graph_song:song|kiboomers|freeze dance:direct_song_hardening_v2_no_auto_match,apple_music_direct_song_hardening_pass_v2,song|kiboomers|freeze dance,graph_song,song,The Kiboomers,Freeze Dance,2015,us,direct_song_hardening_v2_no_auto_match,10,78,1,title_not_strong_enough,apple_song_search_no_auto_match,,,false
graph_song:song|kid cudi feat mgmt and ratatat|pursuit of happiness:direct_song_hardening_v2_no_auto_match,apple_music_direct_song_hardening_pass_v2,song|kid cudi feat mgmt and ratatat|pursuit of happiness,graph_song,song,Kid Cudi feat. MGMT and Ratatat,Pursuit of Happiness,2009,us,direct_song_hardening_v2_no_auto_match,10,81,2,title_not_strong_enough,apple_song_search_needs_review_version_risk,,,false
graph_song:song|kirk franklin and the family|silver and gold:direct_song_hardening_v2_no_auto_match,apple_music_direct_song_hardening_pass_v2,song|kirk franklin and the family|silver and gold,graph_song,song,Kirk Franklin and The Family,Silver and Gold,1993,us,direct_song_hardening_v2_no_auto_match,10,71,4,artist_not_matched,apple_song_search_no_auto_match,artist_not_matched,,false
graph_song:song|kizz daniel and tekno|buga:direct_song_hardening_v2_no_auto_match,apple_music_direct_song_hardening_pass_v2,song|kizz daniel and tekno|buga,graph_song,song,Kizz Daniel and Tekno,Buga,2022,us,direct_song_hardening_v2_no_auto_match,10,82,1,title_not_strong_enough,apple_song_search_no_auto_match,,,false
graph_song:song|kmfdm|godlike:direct_song_hardening_v2_no_auto_match,apple_music_direct_song_hardening_pass_v2,song|kmfdm|godlike,graph_song,song,KMFDM,Godlike,1990,us,direct_song_hardening_v2_no_auto_match,6,80,3,title_not_strong_enough,apple_song_search_no_auto_match,,,false
graph_song:song|kupla|cozy:direct_song_hardening_v2_no_results,apple_music_direct_song_hardening_pass_v2,song|kupla|cozy,graph_song,song,Kupla,Cozy,2017,us,direct_song_hardening_v2_no_results,0,,,,apple_song_search_no_results,,,false
graph_song:song|lalo schifrin|theme from mission impossible:direct_song_hardening_v2_no_auto_match,apple_music_direct_song_hardening_pass_v2,song|lalo schifrin|theme from mission impossible,graph_song,song,Lalo Schifrin,Theme from Mission: Impossible,1967,us,direct_song_hardening_v2_no_auto_match,10,76,7,title_not_strong_enough,apple_song_search_needs_review_version_risk,,,false
graph_song:song|lfo|lfo:direct_song_hardening_v2_no_auto_match,apple_music_direct_song_hardening_pass_v2,song|lfo|lfo,graph_song,song,LFO,LFO,1990,us,direct_song_hardening_v2_no_auto_match,10,80,3,title_not_strong_enough,apple_song_search_needs_review_version_risk,,,false
graph_song:song|lil louis|french kiss:direct_song_hardening_v2_no_auto_match,apple_music_direct_song_hardening_pass_v2,song|lil louis|french kiss,graph_song,song,Lil Louis,French Kiss,1989,us,direct_song_hardening_v2_no_auto_match,10,93,4,single_artist_only_featured_without_tight_year,apple_song_search_no_auto_match,artist_not_matched,,false
graph_song:song|limp bizkit|rollin:direct_song_hardening_v2_no_auto_match,apple_music_direct_song_hardening_pass_v2,song|limp bizkit|rollin,graph_song,song,Limp Bizkit,Rollin',2000,us,direct_song_hardening_v2_no_auto_match,10,82,1,title_not_strong_enough,apple_song_search_no_auto_match,,,false
graph_song:song|lion king cast|hakuna matata:direct_song_hardening_v2_no_auto_match,apple_music_direct_song_hardening_pass_v2,song|lion king cast|hakuna matata,graph_song,song,The Lion King Cast,Hakuna Matata,1994,us,direct_song_hardening_v2_no_auto_match,10,76,3,artist_not_matched,apple_song_search_no_auto_match,artist_not_matched,,false
graph_song:song|lisa loeb|stay:direct_song_hardening_v2_no_auto_match,apple_music_direct_song_hardening_pass_v2,song|lisa loeb|stay,graph_song,song,Lisa Loeb,Stay,1994,us,direct_song_hardening_v2_no_auto_match,10,82,1,title_not_strong_enough,apple_song_search_no_auto_match,,,false
graph_song:song|liz phair|fuck and run:direct_song_hardening_v2_no_auto_match,apple_music_direct_song_hardening_pass_v2,song|liz phair|fuck and run,graph_song,song,Liz Phair,Fuck and Run,1993,us,direct_song_hardening_v2_no_auto_match,10,54,1,title_not_matched,apple_song_search_no_auto_match,title_not_matched,,false
graph_song:song|ll cool j|go cut creator go:direct_song_hardening_v2_no_auto_match,apple_music_direct_song_hardening_pass_v2,song|ll cool j|go cut creator go,graph_song,song,LL Cool J,Go Cut Creator Go,1987,us,direct_song_hardening_v2_no_auto_match,7,41,2,title_not_matched,apple_song_search_no_auto_match,title_not_matched,,false
graph_song:song|ll cool j|i m bad:direct_song_hardening_v2_no_auto_match,apple_music_direct_song_hardening_pass_v2,song|ll cool j|i m bad,graph_song,song,LL Cool J,I'm Bad,1987,us,direct_song_hardening_v2_no_auto_match,10,81,2,title_not_strong_enough,apple_song_search_no_auto_match,,,false
graph_song:song|ll cool j|rock the bells:direct_song_hardening_v2_no_auto_match,apple_music_direct_song_hardening_pass_v2,song|ll cool j|rock the bells,graph_song,song,LL Cool J,Rock the Bells,1985,us,direct_song_hardening_v2_no_auto_match,10,70,1,title_not_strong_enough,apple_song_search_no_auto_match,,,false
graph_song:song|lo fi girl|lofi hip hop radio:direct_song_hardening_v2_no_auto_match,apple_music_direct_song_hardening_pass_v2,song|lo fi girl|lofi hip hop radio,graph_song,song,Lo-fi Girl,lofi hip hop radio,2017,us,direct_song_hardening_v2_no_auto_match,10,68,3,artist_not_matched,apple_song_search_no_auto_match,artist_not_matched,,false
graph_song:song|los del rio|macarena:direct_song_hardening_v2_no_auto_match,apple_music_direct_song_hardening_pass_v2,song|los del rio|macarena,graph_song,song,Los Del Rio,Macarena,1993,us,direct_song_hardening_v2_no_auto_match,10,79,4,title_not_strong_enough,apple_song_search_no_auto_match,,,false
graph_song:song|louis prima|i wan na be like you:direct_song_hardening_v2_no_auto_match,apple_music_direct_song_hardening_pass_v2,song|louis prima|i wan na be like you,graph_song,song,Louis Prima,I Wan'na Be Like You,1967,us,direct_song_hardening_v2_no_auto_match,10,82,1,title_not_strong_enough,apple_song_search_needs_review_version_risk,,,false
graph_song:song|love and kisses|i found love now that i found you:direct_song_hardening_v2_no_auto_match,apple_music_direct_song_hardening_pass_v2,song|love and kisses|i found love now that i found you,graph_song,song,Love & Kisses,I Found Love (Now That I Found You),1977,us,direct_song_hardening_v2_no_auto_match,10,32,5,title_not_strong_enough,apple_song_search_no_auto_match,artist_not_matched,,false
graph_song:song|machine gun kelly|bloody valentine:direct_song_hardening_v2_no_auto_match,apple_music_direct_song_hardening_pass_v2,song|machine gun kelly|bloody valentine,graph_song,song,Machine Gun Kelly,bloody valentine,2020,us,direct_song_hardening_v2_no_auto_match,10,78,1,artist_not_matched,apple_song_search_no_auto_match,artist_not_matched,,false
graph_song:song|man parrish|hip hop be bop:direct_song_hardening_v2_no_auto_match,apple_music_direct_song_hardening_pass_v2,song|man parrish|hip hop be bop,graph_song,song,Man Parrish,"Hip Hop, Be Bop",1982,us,direct_song_hardening_v2_no_auto_match,10,82,1,title_not_strong_enough,apple_song_search_needs_review_version_risk,,,false
graph_song:song|mars|helen fordsdale:direct_song_hardening_v2_no_auto_match,apple_music_direct_song_hardening_pass_v2,song|mars|helen fordsdale,graph_song,song,Mars,Helen Fordsdale,1978,us,direct_song_hardening_v2_no_auto_match,8,48,3,title_not_matched,apple_song_search_no_auto_match,title_not_matched,,false
graph_song:song|mary costa and bill shirley|once upon a dream:direct_song_hardening_v2_no_auto_match,apple_music_direct_song_hardening_pass_v2,song|mary costa and bill shirley|once upon a dream,graph_song,song,Mary Costa and Bill Shirley,Once Upon a Dream,1959,us,direct_song_hardening_v2_no_auto_match,10,79,4,title_not_strong_enough,apple_song_search_needs_review_version_risk,,,false
graph_song:song|masters at work featuring india|to be in love:direct_song_hardening_v2_no_auto_match,apple_music_direct_song_hardening_pass_v2,song|masters at work featuring india|to be in love,graph_song,song,Masters at Work featuring India,To Be in Love,1997,us,direct_song_hardening_v2_no_auto_match,10,82,1,title_not_strong_enough,apple_song_search_no_auto_match,,,false
graph_song:song|matmos|west:direct_song_hardening_v2_no_results,apple_music_direct_song_hardening_pass_v2,song|matmos|west,graph_song,song,Matmos,The West,1999,us,direct_song_hardening_v2_no_results,0,,,,apple_song_search_no_results,,,false
graph_song:song|matt redman|10 000 reasons bless the lord:direct_song_hardening_v2_no_auto_match,apple_music_direct_song_hardening_pass_v2,song|matt redman|10 000 reasons bless the lord,graph_song,song,Matt Redman,"10,000 Reasons (Bless the Lord)",2011,us,direct_song_hardening_v2_no_auto_match,10,66,1,title_not_strong_enough,apple_song_search_no_auto_match,version_term:live,,false
graph_song:song|maurizio|m4:direct_song_hardening_v2_no_auto_match,apple_music_direct_song_hardening_pass_v2,song|maurizio|m4,graph_song,song,Maurizio,M4,1995,us,direct_song_hardening_v2_no_auto_match,10,50,5,title_not_matched,apple_song_search_no_auto_match,title_not_matched,,false
graph_song:song|max steiner|tara s theme:direct_song_hardening_v2_no_auto_match,apple_music_direct_song_hardening_pass_v2,song|max steiner|tara s theme,graph_song,song,Max Steiner,Tara's Theme,1939,us,direct_song_hardening_v2_no_auto_match,10,66,1,artist_not_matched,apple_song_search_needs_review_version_risk,artist_not_matched,,false
graph_song:song|maxwell|bad habits:direct_song_hardening_v2_no_auto_match,apple_music_direct_song_hardening_pass_v2,song|maxwell|bad habits,graph_song,song,Maxwell,Bad Habits,2009,us,direct_song_hardening_v2_no_auto_match,10,82,1,title_not_strong_enough,apple_song_search_no_auto_match,,,false
graph_song:song|mel tillis|coca cola cowboy:direct_song_hardening_v2_no_auto_match,apple_music_direct_song_hardening_pass_v2,song|mel tillis|coca cola cowboy,graph_song,song,Mel Tillis,Coca-Cola Cowboy,1979,us,direct_song_hardening_v2_no_auto_match,10,69,2,title_not_strong_enough,apple_song_search_no_auto_match,artist_not_matched,,false
graph_song:song|miguel and natalia lafourcade|remember me:direct_song_hardening_v2_no_auto_match,apple_music_direct_song_hardening_pass_v2,song|miguel and natalia lafourcade|remember me,graph_song,song,Miguel and Natalia Lafourcade,Remember Me,2017,us,direct_song_hardening_v2_no_auto_match,10,74,1,title_not_strong_enough,apple_song_search_needs_review_version_risk,compatible_artist_without_tight_year,,false
graph_song:song|minutemen|history lesson part ii:direct_song_hardening_v2_no_auto_match,apple_music_direct_song_hardening_pass_v2,song|minutemen|history lesson part ii,graph_song,song,Minutemen,History Lesson Part II,1984,us,direct_song_hardening_v2_no_auto_match,3,53,2,title_not_matched,apple_song_search_no_auto_match,title_not_matched,,false
graph_song:song|mojos|everything s alright:direct_song_hardening_v2_no_auto_match,apple_music_direct_song_hardening_pass_v2,song|mojos|everything s alright,graph_song,song,The Mojos,Everything's Alright,1964,us,direct_song_hardening_v2_no_auto_match,6,66,1,artist_not_matched,apple_song_search_no_auto_match,artist_not_matched,,false
graph_song:song|moloko|sing it back boris dlugosch mix:direct_song_hardening_v2_no_auto_match,apple_music_direct_song_hardening_pass_v2,song|moloko|sing it back boris dlugosch mix,graph_song,song,Moloko,Sing It Back (Boris Dlugosch Mix),1999,us,direct_song_hardening_v2_no_auto_match,10,70,1,title_not_strong_enough,apple_song_search_needs_review_version_risk,,,false
graph_song:song|monkees|porpoise song:direct_song_hardening_v2_no_auto_match,apple_music_direct_song_hardening_pass_v2,song|monkees|porpoise song,graph_song,song,The Monkees,Porpoise Song,1968,us,direct_song_hardening_v2_no_auto_match,10,82,1,title_not_strong_enough,apple_song_search_needs_review_version_risk,,,false
graph_song:song|monks|complication:direct_song_hardening_v2_context_term_needs_review,apple_music_direct_song_hardening_pass_v2,song|monks|complication,graph_song,song,The Monks,Complication,1966,us,direct_song_hardening_v2_context_term_needs_review,2,31,1,context_term:tribute,apple_song_search_no_auto_match,artist_not_matched,,false
graph_song:song|monolake|hongkong:direct_song_hardening_v2_no_auto_match,apple_music_direct_song_hardening_pass_v2,song|monolake|hongkong,graph_song,song,Monolake,Hongkong,1997,us,direct_song_hardening_v2_no_auto_match,6,54,1,title_not_matched,apple_song_search_no_auto_match,title_not_matched,,false
graph_song:song|mormon tabernacle choir|hallelujah chorus:direct_song_hardening_v2_no_auto_match,apple_music_direct_song_hardening_pass_v2,song|mormon tabernacle choir|hallelujah chorus,graph_song,song,Mormon Tabernacle Choir,Hallelujah Chorus,1959,us,direct_song_hardening_v2_no_auto_match,10,35,2,title_not_strong_enough,apple_song_search_needs_review_version_risk,artist_not_matched,,false
graph_song:song|mosaic msc|tremble:direct_song_hardening_v2_no_auto_match,apple_music_direct_song_hardening_pass_v2,song|mosaic msc|tremble,graph_song,song,Mosaic MSC,Tremble,2017,us,direct_song_hardening_v2_no_auto_match,3,77,2,title_not_strong_enough,apple_song_search_no_auto_match,,,false
graph_song:song|mouse and the traps|a public execution:direct_song_hardening_v2_no_auto_match,apple_music_direct_song_hardening_pass_v2,song|mouse and the traps|a public execution,graph_song,song,Mouse and the Traps,A Public Execution,1966,us,direct_song_hardening_v2_no_auto_match,4,8,1,title_not_matched,apple_song_search_no_auto_match,title_not_matched;artist_not_matched,,false
graph_song:song|mousse t vs hot n juicy|horny:direct_song_hardening_v2_no_auto_match,apple_music_direct_song_hardening_pass_v2,song|mousse t vs hot n juicy|horny,graph_song,song,Mousse T. vs Hot n Juicy,Horny,1998,us,direct_song_hardening_v2_no_auto_match,10,72,7,artist_not_matched,apple_song_search_no_auto_match,artist_not_matched,,false
graph_song:song|move|blackberry way:direct_song_hardening_v2_version_term_needs_review,apple_music_direct_song_hardening_pass_v2,song|move|blackberry way,graph_song,song,The Move,Blackberry Way,1968,us,direct_song_hardening_v2_version_term_needs_review,8,45,1,version_term:remix,apple_song_search_no_auto_match,version_term:remix,,false
graph_song:song|move|curly:direct_song_hardening_v2_no_auto_match,apple_music_direct_song_hardening_pass_v2,song|move|curly,graph_song,song,The Move,Curly,1969,us,direct_song_hardening_v2_no_auto_match,10,63,4,artist_not_matched,apple_song_search_no_auto_match,artist_not_matched,,false
graph_song:song|move|fire brigade:direct_song_hardening_v2_no_auto_match,apple_music_direct_song_hardening_pass_v2,song|move|fire brigade,graph_song,song,The Move,Fire Brigade,1968,us,direct_song_hardening_v2_no_auto_match,10,59,8,artist_not_matched,apple_song_search_no_auto_match,artist_not_matched,,false
graph_song:song|move|flowers in the rain:direct_song_hardening_v2_no_auto_match,apple_music_direct_song_hardening_pass_v2,song|move|flowers in the rain,graph_song,song,The Move,Flowers in the Rain,1967,us,direct_song_hardening_v2_no_auto_match,10,70,1,title_not_strong_enough,apple_song_search_no_auto_match,,,false
graph_song:song|move|i can hear the grass grow:direct_song_hardening_v2_no_auto_match,apple_music_direct_song_hardening_pass_v2,song|move|i can hear the grass grow,graph_song,song,The Move,I Can Hear the Grass Grow,1967,us,direct_song_hardening_v2_no_auto_match,10,70,1,title_not_strong_enough,apple_song_search_no_auto_match,artist_not_matched,,false
graph_song:song|moving sidewalks|99th floor:direct_song_hardening_v2_no_auto_match,apple_music_direct_song_hardening_pass_v2,song|moving sidewalks|99th floor,graph_song,song,The Moving Sidewalks,99th Floor,1967,us,direct_song_hardening_v2_no_auto_match,2,78,1,title_not_strong_enough,apple_song_search_no_auto_match,,,false
graph_song:song|my bloody valentine|i only said:direct_song_hardening_v2_no_auto_match,apple_music_direct_song_hardening_pass_v2,song|my bloody valentine|i only said,graph_song,song,My Bloody Valentine,I Only Said,1991,us,direct_song_hardening_v2_no_auto_match,10,8,1,title_not_matched,apple_song_search_no_auto_match,title_not_matched;artist_not_matched,,false
graph_song:song|my bloody valentine|loomer:direct_song_hardening_v2_no_auto_match,apple_music_direct_song_hardening_pass_v2,song|my bloody valentine|loomer,graph_song,song,My Bloody Valentine,Loomer,1991,us,direct_song_hardening_v2_no_auto_match,10,38,9,title_not_matched,apple_song_search_no_auto_match,title_not_matched,,false
graph_song:song|my bloody valentine|to here knows when:direct_song_hardening_v2_no_auto_match,apple_music_direct_song_hardening_pass_v2,song|my bloody valentine|to here knows when,graph_song,song,My Bloody Valentine,To Here Knows When,1991,us,direct_song_hardening_v2_no_auto_match,10,8,1,title_not_matched,apple_song_search_no_auto_match,title_not_matched;artist_not_matched,,false
graph_song:song|my bloody valentine|when you sleep:direct_song_hardening_v2_no_auto_match,apple_music_direct_song_hardening_pass_v2,song|my bloody valentine|when you sleep,graph_song,song,My Bloody Valentine,When You Sleep,1991,us,direct_song_hardening_v2_no_auto_match,10,65,2,artist_not_matched,apple_song_search_no_auto_match,artist_not_matched,,false
graph_song:song|n w a|fuck tha police:direct_song_hardening_v2_no_auto_match,apple_music_direct_song_hardening_pass_v2,song|n w a|fuck tha police,graph_song,song,N.W.A,Fuck tha Police,1988,us,direct_song_hardening_v2_no_auto_match,10,54,1,title_not_matched,apple_song_search_needs_review_version_risk,title_not_matched,,false
graph_song:song|negative approach|ready to fight:direct_song_hardening_v2_no_auto_match,apple_music_direct_song_hardening_pass_v2,song|negative approach|ready to fight,graph_song,song,Negative Approach,Ready to Fight,1983,us,direct_song_hardening_v2_no_auto_match,10,78,1,title_not_strong_enough,apple_song_search_no_auto_match,,,false
graph_song:song|nerves|hanging on the telephone:direct_song_hardening_v2_no_auto_match,apple_music_direct_song_hardening_pass_v2,song|nerves|hanging on the telephone,graph_song,song,The Nerves,Hanging on the Telephone,1976,us,direct_song_hardening_v2_no_auto_match,10,74,1,artist_not_matched,apple_song_search_needs_review_version_risk,artist_not_matched,,false
graph_song:song|nightcrawlers|push the feeling on:direct_song_hardening_v2_no_auto_match,apple_music_direct_song_hardening_pass_v2,song|nightcrawlers|push the feeling on,graph_song,song,Nightcrawlers,Push the Feeling On,1992,us,direct_song_hardening_v2_no_auto_match,10,80,3,title_not_strong_enough,apple_song_search_needs_review_version_risk,,,false
graph_song:song|nymano|solitude:direct_song_hardening_v2_no_results,apple_music_direct_song_hardening_pass_v2,song|nymano|solitude,graph_song,song,Nymano,Solitude,2017,us,direct_song_hardening_v2_no_results,0,,,,apple_song_search_no_results,,,false
graph_song:song|odetta|sometimes i feel like a motherless child:direct_song_hardening_v2_no_auto_match,apple_music_direct_song_hardening_pass_v2,song|odetta|sometimes i feel like a motherless child,graph_song,song,Odetta,Sometimes I Feel Like a Motherless Child,1956,us,direct_song_hardening_v2_no_auto_match,6,68,3,title_not_strong_enough,apple_song_search_needs_review_version_risk,artist_not_matched,,false
graph_song:song|offspring|come out and play:direct_song_hardening_v2_no_auto_match,apple_music_direct_song_hardening_pass_v2,song|offspring|come out and play,graph_song,song,The Offspring,Come Out and Play,1994,us,direct_song_hardening_v2_no_auto_match,10,82,1,title_not_strong_enough,apple_song_search_no_auto_match,compatible_artist_without_tight_year,,false
graph_song:song|old 97 s|too far to care:direct_song_hardening_v2_no_auto_match,apple_music_direct_song_hardening_pass_v2,song|old 97 s|too far to care,graph_song,song,Old 97's,Too Far to Care,1997,us,direct_song_hardening_v2_no_auto_match,10,54,1,title_not_matched,apple_song_search_needs_review_version_risk,title_not_matched,,false
graph_song:song|orbital|halcyon on and on:direct_song_hardening_v2_no_auto_match,apple_music_direct_song_hardening_pass_v2,song|orbital|halcyon on and on,graph_song,song,Orbital,Halcyon On and On,1992,us,direct_song_hardening_v2_no_auto_match,10,70,10,title_not_strong_enough,apple_song_search_no_auto_match,,,false
graph_song:song|palace brothers|ohio river boat song:direct_song_hardening_v2_no_results,apple_music_direct_song_hardening_pass_v2,song|palace brothers|ohio river boat song,graph_song,song,Palace Brothers,Ohio River Boat Song,1993,us,direct_song_hardening_v2_no_results,0,,,,apple_song_search_no_results,,,false
graph_song:song|parliament|give up the funk:direct_song_hardening_v2_no_auto_match,apple_music_direct_song_hardening_pass_v2,song|parliament|give up the funk,graph_song,song,Parliament,Give Up the Funk,1976,us,direct_song_hardening_v2_no_auto_match,10,76,3,title_not_strong_enough,apple_song_search_no_auto_match,,,false
graph_song:song|pavement|harness your hopes:direct_song_hardening_v2_no_auto_match,apple_music_direct_song_hardening_pass_v2,song|pavement|harness your hopes,graph_song,song,Pavement,Harness Your Hopes,1999,us,direct_song_hardening_v2_no_auto_match,10,78,1,title_not_strong_enough,apple_song_search_no_auto_match,,,false
graph_song:song|peabo bryson and regina belle|a whole new world:direct_song_hardening_v2_no_auto_match,apple_music_direct_song_hardening_pass_v2,song|peabo bryson and regina belle|a whole new world,graph_song,song,Peabo Bryson and Regina Belle,A Whole New World,1992,us,direct_song_hardening_v2_no_auto_match,10,82,1,title_not_strong_enough,apple_song_search_no_auto_match,,,false
graph_song:song|peaches|fuck the pain away:direct_song_hardening_v2_no_auto_match,apple_music_direct_song_hardening_pass_v2,song|peaches|fuck the pain away,graph_song,song,Peaches,Fuck the Pain Away,2000,us,direct_song_hardening_v2_no_auto_match,10,54,1,title_not_matched,apple_song_search_needs_review_version_risk,title_not_matched,,false
graph_song:song|peppa pig|peppa pig theme:direct_song_hardening_v2_no_auto_match,apple_music_direct_song_hardening_pass_v2,song|peppa pig|peppa pig theme,graph_song,song,Peppa Pig,Peppa Pig Theme,2004,us,direct_song_hardening_v2_no_auto_match,10,63,8,title_not_strong_enough,apple_song_search_needs_review_version_risk,,,false
graph_song:song|perry como and the fontane sisters|it s beginning to look a lot like christmas:direct_song_hardening_v2_no_auto_match,apple_music_direct_song_hardening_pass_v2,song|perry como and the fontane sisters|it s beginning to look a lot like christmas,graph_song,song,Perry Como and The Fontane Sisters,It's Beginning to Look a Lot Like Christmas,1951,us,direct_song_hardening_v2_no_auto_match,10,70,1,title_not_strong_enough,apple_song_search_needs_review_version_risk,,,false
graph_song:song|pet shop boys|opportunities:direct_song_hardening_v2_no_auto_match,apple_music_direct_song_hardening_pass_v2,song|pet shop boys|opportunities,graph_song,song,Pet Shop Boys,Opportunities,1985,us,direct_song_hardening_v2_no_auto_match,10,78,1,title_not_strong_enough,apple_song_search_no_auto_match,,,false
graph_song:song|pezband|baby it s cold outside:direct_song_hardening_v2_no_auto_match,apple_music_direct_song_hardening_pass_v2,song|pezband|baby it s cold outside,graph_song,song,Pezband,Baby It's Cold Outside,1977,us,direct_song_hardening_v2_no_auto_match,10,65,2,artist_not_matched,apple_song_search_no_auto_match,artist_not_matched,,false
graph_song:song|pharrell williams|happy:direct_song_hardening_v2_no_auto_match,apple_music_direct_song_hardening_pass_v2,song|pharrell williams|happy,graph_song,song,Pharrell Williams,Happy,2013,us,direct_song_hardening_v2_no_auto_match,10,82,1,title_not_strong_enough,apple_song_search_needs_review_version_risk,,,false
graph_song:song|philanthrope|departure:direct_song_hardening_v2_no_results,apple_music_direct_song_hardening_pass_v2,song|philanthrope|departure,graph_song,song,Philanthrope,Departure,2018,us,direct_song_hardening_v2_no_results,0,,,,apple_song_search_no_results,,,false
graph_song:song|pink floyd|another brick in the wall part 2:direct_song_hardening_v2_no_auto_match,apple_music_direct_song_hardening_pass_v2,song|pink floyd|another brick in the wall part 2,graph_song,song,Pink Floyd,"Another Brick in the Wall, Part 2",1979,us,direct_song_hardening_v2_no_auto_match,10,62,5,artist_not_matched,apple_song_search_no_auto_match,artist_not_matched,,false
graph_song:song|pink floyd|shine on you crazy diamond parts i v:direct_song_hardening_v2_no_auto_match,apple_music_direct_song_hardening_pass_v2,song|pink floyd|shine on you crazy diamond parts i v,graph_song,song,Pink Floyd,Shine On You Crazy Diamond (Parts I-V),1975,us,direct_song_hardening_v2_no_auto_match,9,54,1,title_not_matched,apple_song_search_no_auto_match,artist_not_matched,,false
graph_song:song|pink|try:direct_song_hardening_v2_no_auto_match,apple_music_direct_song_hardening_pass_v2,song|pink|try,graph_song,song,Pink,Try,2012,us,direct_song_hardening_v2_no_auto_match,10,78,1,artist_not_matched,apple_song_search_no_auto_match,artist_not_matched,,false
graph_song:song|pop|down on the boulevard:direct_song_hardening_v2_no_auto_match,apple_music_direct_song_hardening_pass_v2,song|pop|down on the boulevard,graph_song,song,The Pop,Down on the Boulevard,1979,us,direct_song_hardening_v2_no_auto_match,10,36,9,title_not_strong_enough,apple_song_search_no_auto_match,artist_not_matched,,false
graph_song:song|post malone and swae lee|sunflower:direct_song_hardening_v2_no_auto_match,apple_music_direct_song_hardening_pass_v2,song|post malone and swae lee|sunflower,graph_song,song,Post Malone and Swae Lee,Sunflower,2018,us,direct_song_hardening_v2_no_auto_match,10,82,1,title_not_strong_enough,apple_song_search_needs_review_version_risk,,,false
graph_song:song|r e m|its the end of the world as we know it:direct_song_hardening_v2_no_auto_match,apple_music_direct_song_hardening_pass_v2,song|r e m|its the end of the world as we know it,graph_song,song,R.E.M.,Its the End of the World as We Know It,1987,us,direct_song_hardening_v2_no_auto_match,10,82,1,title_not_strong_enough,apple_song_search_no_auto_match,,,false
graph_song:song|ramin djawadi|game of thrones main title:direct_song_hardening_v2_no_auto_match,apple_music_direct_song_hardening_pass_v2,song|ramin djawadi|game of thrones main title,graph_song,song,Ramin Djawadi,Game of Thrones Main Title,2011,us,direct_song_hardening_v2_no_auto_match,10,82,1,title_not_strong_enough,apple_song_search_needs_review_version_risk,,,false
graph_song:song|ramon ayala y sus bravos del norte|un rinconcito en el cielo:direct_song_hardening_v2_no_auto_match,apple_music_direct_song_hardening_pass_v2,song|ramon ayala y sus bravos del norte|un rinconcito en el cielo,graph_song,song,Ramon Ayala y Sus Bravos del Norte,Un Rinconcito en el Cielo,1974,us,direct_song_hardening_v2_no_auto_match,10,70,1,title_not_strong_enough,apple_song_search_no_auto_match,,,false
graph_song:song|raphael saadiq|ask of you:direct_song_hardening_v2_no_auto_match,apple_music_direct_song_hardening_pass_v2,song|raphael saadiq|ask of you,graph_song,song,Raphael Saadiq,Ask of You,1995,us,direct_song_hardening_v2_no_auto_match,10,66,1,artist_not_matched,apple_song_search_no_auto_match,artist_not_matched,,false
graph_song:song|rapture|sister savior:direct_song_hardening_v2_no_auto_match,apple_music_direct_song_hardening_pass_v2,song|rapture|sister savior,graph_song,song,The Rapture,Sister Savior,2003,us,direct_song_hardening_v2_no_auto_match,7,53,2,title_not_matched,apple_song_search_no_auto_match,title_not_matched,,false
graph_song:song|richard hell and the voidoids|time:direct_song_hardening_v2_no_auto_match,apple_music_direct_song_hardening_pass_v2,song|richard hell and the voidoids|time,graph_song,song,Richard Hell & The Voidoids,Time,1977,us,direct_song_hardening_v2_no_auto_match,10,70,1,title_not_strong_enough,apple_song_search_no_auto_match,,,false
graph_song:song|richard kiley|impossible dream:direct_song_hardening_v2_no_auto_match,apple_music_direct_song_hardening_pass_v2,song|richard kiley|impossible dream,graph_song,song,Richard Kiley,The Impossible Dream,1965,us,direct_song_hardening_v2_no_auto_match,5,70,1,title_not_strong_enough,apple_song_search_needs_review_version_risk,,,false
graph_song:song|ricky martin|she bangs:direct_song_hardening_v2_no_auto_match,apple_music_direct_song_hardening_pass_v2,song|ricky martin|she bangs,graph_song,song,Ricky Martin,She Bangs,2000,us,direct_song_hardening_v2_no_auto_match,10,82,1,title_not_strong_enough,apple_song_search_needs_review_version_risk,,,false
graph_song:song|run dmc|sucker m c s:direct_song_hardening_v2_no_auto_match,apple_music_direct_song_hardening_pass_v2,song|run dmc|sucker m c s,graph_song,song,Run-DMC,Sucker M.C.'s,1983,us,direct_song_hardening_v2_no_auto_match,10,82,1,title_not_strong_enough,apple_song_search_no_auto_match,,,false
graph_song:song|run the jewels feat zack de la rocha|close your eyes and count to fuck:direct_song_hardening_v2_no_auto_match,apple_music_direct_song_hardening_pass_v2,song|run the jewels feat zack de la rocha|close your eyes and count to fuck,graph_song,song,Run the Jewels feat. Zack de la Rocha,Close Your Eyes (And Count to Fuck),2014,us,direct_song_hardening_v2_no_auto_match,10,54,1,title_not_matched,apple_song_search_needs_review_version_risk,title_not_matched,,false
graph_song:song|saib|in your arms:direct_song_hardening_v2_no_auto_match,apple_music_direct_song_hardening_pass_v2,song|saib|in your arms,graph_song,song,saib.,in your arms.,2015,us,direct_song_hardening_v2_no_auto_match,10,73,6,artist_not_matched,apple_song_search_no_auto_match,artist_not_matched,,false
graph_song:song|salt n pepa|expression:direct_song_hardening_v2_no_auto_match,apple_music_direct_song_hardening_pass_v2,song|salt n pepa|expression,graph_song,song,Salt-N-Pepa,Expression,1989,us,direct_song_hardening_v2_no_auto_match,10,67,4,title_not_strong_enough,apple_song_search_no_auto_match,,,false
graph_song:song|salt n pepa|push it:direct_song_hardening_v2_no_auto_match,apple_music_direct_song_hardening_pass_v2,song|salt n pepa|push it,graph_song,song,Salt-N-Pepa,Push It,1987,us,direct_song_hardening_v2_no_auto_match,10,70,1,title_not_strong_enough,apple_song_search_needs_review_version_risk,,,false
graph_song:song|salt n pepa|shake your thang:direct_song_hardening_v2_no_auto_match,apple_music_direct_song_hardening_pass_v2,song|salt n pepa|shake your thang,graph_song,song,Salt-N-Pepa,Shake Your Thang,1988,us,direct_song_hardening_v2_no_auto_match,10,82,1,title_not_strong_enough,apple_song_search_no_auto_match,,,false
graph_song:song|samwell|what what in the butt:direct_song_hardening_v2_no_auto_match,apple_music_direct_song_hardening_pass_v2,song|samwell|what what in the butt,graph_song,song,Samwell,What What (In the Butt),2007,us,direct_song_hardening_v2_no_auto_match,10,73,2,artist_not_matched,apple_song_search_needs_review_version_risk,artist_not_matched,,false
graph_song:song|seven year bitch|m i a:direct_song_hardening_v2_no_auto_match,apple_music_direct_song_hardening_pass_v2,song|seven year bitch|m i a,graph_song,song,Seven Year Bitch,M.I.A.,1994,us,direct_song_hardening_v2_no_auto_match,10,78,1,artist_not_matched,apple_song_search_no_auto_match,artist_not_matched,,false
graph_song:song|shangri las|remember walking in the sand:direct_song_hardening_v2_no_auto_match,apple_music_direct_song_hardening_pass_v2,song|shangri las|remember walking in the sand,graph_song,song,The Shangri-Las,Remember (Walking in the Sand),1964,us,direct_song_hardening_v2_no_auto_match,10,58,10,artist_not_matched,apple_song_search_no_auto_match,artist_not_matched,,false
graph_song:song|shellac|wingwalker:direct_song_hardening_v2_no_auto_match,apple_music_direct_song_hardening_pass_v2,song|shellac|wingwalker,graph_song,song,Shellac,Wingwalker,1993,us,direct_song_hardening_v2_no_auto_match,1,66,1,artist_not_matched,apple_song_search_no_auto_match,artist_not_matched,,false
graph_song:song|sister rosetta tharpe|this little light of mine:direct_song_hardening_v2_no_auto_match,apple_music_direct_song_hardening_pass_v2,song|sister rosetta tharpe|this little light of mine,graph_song,song,Sister Rosetta Tharpe,This Little Light of Mine,1960,us,direct_song_hardening_v2_no_auto_match,10,50,5,title_not_matched,apple_song_search_needs_review_version_risk,title_not_matched,,false
graph_song:song|sneaker|more than just the two of us:direct_song_hardening_v2_no_auto_match,apple_music_direct_song_hardening_pass_v2,song|sneaker|more than just the two of us,graph_song,song,Sneaker,More Than Just the Two of Us,1981,us,direct_song_hardening_v2_no_auto_match,10,70,1,artist_not_matched,apple_song_search_no_auto_match,artist_not_matched,,false
graph_song:song|soggy bottom boys|man of constant sorrow:direct_song_hardening_v2_no_auto_match,apple_music_direct_song_hardening_pass_v2,song|soggy bottom boys|man of constant sorrow,graph_song,song,The Soggy Bottom Boys,Man of Constant Sorrow,2000,us,direct_song_hardening_v2_no_auto_match,10,82,1,title_not_strong_enough,apple_song_search_needs_review_version_risk,,,false
graph_song:song|soulja boy tell em|crank that:direct_song_hardening_v2_no_auto_match,apple_music_direct_song_hardening_pass_v2,song|soulja boy tell em|crank that,graph_song,song,Soulja Boy Tell'em,Crank That,2007,us,direct_song_hardening_v2_no_auto_match,10,82,1,title_not_strong_enough,apple_song_search_no_auto_match,artist_not_matched,,false
graph_song:song|speedies|let me take your foto:direct_song_hardening_v2_no_auto_match,apple_music_direct_song_hardening_pass_v2,song|speedies|let me take your foto,graph_song,song,The Speedies,Let Me Take Your Foto,1979,us,direct_song_hardening_v2_no_auto_match,4,70,1,title_not_strong_enough,apple_song_search_no_auto_match,,,false
graph_song:song|steve silk hurley|jack your body:direct_song_hardening_v2_no_auto_match,apple_music_direct_song_hardening_pass_v2,song|steve silk hurley|jack your body,graph_song,song,Steve Silk Hurley,Jack Your Body,1986,us,direct_song_hardening_v2_no_auto_match,10,67,4,title_not_strong_enough,apple_song_search_needs_review_version_risk,,,false
graph_song:song|sunrays|i live for the sun:direct_song_hardening_v2_no_auto_match,apple_music_direct_song_hardening_pass_v2,song|sunrays|i live for the sun,graph_song,song,The Sunrays,I Live for the Sun,1965,us,direct_song_hardening_v2_no_auto_match,10,70,1,artist_not_matched,apple_song_search_no_auto_match,artist_not_matched,,false
graph_song:song|superchunk|slack motherfucker:direct_song_hardening_v2_no_auto_match,apple_music_direct_song_hardening_pass_v2,song|superchunk|slack motherfucker,graph_song,song,Superchunk,Slack Motherfucker,1990,us,direct_song_hardening_v2_no_auto_match,6,52,3,title_not_matched,apple_song_search_needs_review_version_risk,title_not_matched,,false
graph_song:song|swamp rats|louie louie:direct_song_hardening_v2_no_auto_match,apple_music_direct_song_hardening_pass_v2,song|swamp rats|louie louie,graph_song,song,The Swamp Rats,Louie Louie,1966,us,direct_song_hardening_v2_no_auto_match,1,96,1,single_artist_only_featured_without_tight_year,apple_song_search_needs_review_version_risk,compatible_artist_without_tight_year,,false
graph_song:song|swum|can we just be friends:direct_song_hardening_v2_no_auto_match,apple_music_direct_song_hardening_pass_v2,song|swum|can we just be friends,graph_song,song,SwuM,Can We Just Be Friends,2018,us,direct_song_hardening_v2_no_auto_match,10,19,2,title_not_matched,apple_song_search_no_auto_match,title_not_matched;artist_not_matched,,false
graph_song:song|swum|love is alive:direct_song_hardening_v2_no_auto_match,apple_music_direct_song_hardening_pass_v2,song|swum|love is alive,graph_song,song,SwuM,Love Is Alive,2018,us,direct_song_hardening_v2_no_auto_match,10,74,1,artist_not_matched,apple_song_search_no_auto_match,artist_not_matched,,false
graph_song:song|swum|sway:direct_song_hardening_v2_no_auto_match,apple_music_direct_song_hardening_pass_v2,song|swum|sway,graph_song,song,SwuM,Sway,2018,us,direct_song_hardening_v2_no_auto_match,10,73,2,artist_not_matched,apple_song_search_no_auto_match,artist_not_matched,,false
graph_song:song|teenage jesus and the jerks|burning rubber:direct_song_hardening_v2_no_auto_match,apple_music_direct_song_hardening_pass_v2,song|teenage jesus and the jerks|burning rubber,graph_song,song,Teenage Jesus and the Jerks,Burning Rubber,1979,us,direct_song_hardening_v2_no_auto_match,3,64,3,artist_not_matched,apple_song_search_no_auto_match,artist_not_matched,,false
graph_song:song|teenage jesus and the jerks|freud in flop:direct_song_hardening_v2_version_term_needs_review,apple_music_direct_song_hardening_pass_v2,song|teenage jesus and the jerks|freud in flop,graph_song,song,Teenage Jesus and the Jerks,Freud in Flop,1978,us,direct_song_hardening_v2_version_term_needs_review,3,45,1,version_term:live,apple_song_search_no_results,version_term:live,,false
graph_song:song|teenage jesus and the jerks|orphans:direct_song_hardening_v2_version_term_needs_review,apple_music_direct_song_hardening_pass_v2,song|teenage jesus and the jerks|orphans,graph_song,song,Teenage Jesus and the Jerks,Orphans,1978,us,direct_song_hardening_v2_version_term_needs_review,3,45,1,version_term:live,apple_song_search_no_auto_match,version_term:live,,false
graph_song:song|tina turner|we don t need another hero:direct_song_hardening_v2_no_auto_match,apple_music_direct_song_hardening_pass_v2,song|tina turner|we don t need another hero,graph_song,song,Tina Turner,We Don't Need Another Hero,1985,us,direct_song_hardening_v2_no_auto_match,10,82,1,title_not_strong_enough,apple_song_search_no_auto_match,,,false
graph_song:song|tommy james and the shondells|i am a tangerine:direct_song_hardening_v2_no_auto_match,apple_music_direct_song_hardening_pass_v2,song|tommy james and the shondells|i am a tangerine,graph_song,song,Tommy James and the Shondells,I Am a Tangerine,1969,us,direct_song_hardening_v2_no_auto_match,5,50,1,title_not_matched,apple_song_search_no_auto_match,title_not_matched,,false
graph_song:song|tomppabeats|i miss you:direct_song_hardening_v2_no_auto_match,apple_music_direct_song_hardening_pass_v2,song|tomppabeats|i miss you,graph_song,song,tomppabeats,I Miss You,2016,us,direct_song_hardening_v2_no_auto_match,1,12,1,title_not_matched,apple_song_search_no_auto_match,title_not_matched;artist_not_matched,,false
graph_song:song|traditional revival circuit object|house of the rising sun:direct_song_hardening_v2_no_auto_match,apple_music_direct_song_hardening_pass_v2,song|traditional revival circuit object|house of the rising sun,graph_song,song,Traditional / revival circuit object,House of the Rising Sun,,us,direct_song_hardening_v2_no_auto_match,1,8,1,title_not_matched,apple_song_search_no_auto_match,title_not_matched;artist_not_matched,,false
graph_song:song|trans siberian orchestra|christmas eve sarajevo 12 24:direct_song_hardening_v2_no_auto_match,apple_music_direct_song_hardening_pass_v2,song|trans siberian orchestra|christmas eve sarajevo 12 24,graph_song,song,Trans-Siberian Orchestra,Christmas Eve/Sarajevo 12/24,1996,us,direct_song_hardening_v2_no_auto_match,10,80,3,title_not_strong_enough,apple_song_search_no_auto_match,,,false
graph_song:song|txt|0x1 lovesong i know i love you:direct_song_hardening_v2_no_auto_match,apple_music_direct_song_hardening_pass_v2,song|txt|0x1 lovesong i know i love you,graph_song,song,TXT,0X1=Lovesong (I Know I Love You),2021,us,direct_song_hardening_v2_no_auto_match,10,78,1,artist_not_matched,apple_song_search_no_auto_match,artist_not_matched,,false
graph_song:song|ugk feat outkast|int l players anthem:direct_song_hardening_v2_no_auto_match,apple_music_direct_song_hardening_pass_v2,song|ugk feat outkast|int l players anthem,graph_song,song,UGK feat. OutKast,Int'l Players Anthem,2007,us,direct_song_hardening_v2_no_auto_match,10,82,1,title_not_strong_enough,apple_song_search_no_auto_match,,,false
graph_song:song|underground resistance|final frontier:direct_song_hardening_v2_version_term_needs_review,apple_music_direct_song_hardening_pass_v2,song|underground resistance|final frontier,graph_song,song,Underground Resistance,The Final Frontier,1991,us,direct_song_hardening_v2_version_term_needs_review,5,45,1,version_term:remix,apple_song_search_no_auto_match,version_term:remix,,false
graph_song:song|underground resistance|jupiter jazz:direct_song_hardening_v2_no_results,apple_music_direct_song_hardening_pass_v2,song|underground resistance|jupiter jazz,graph_song,song,Underground Resistance,Jupiter Jazz,1992,us,direct_song_hardening_v2_no_results,0,,,,apple_song_search_no_results,,,false
graph_song:song|upperroom|surrounded fight my battles:direct_song_hardening_v2_no_auto_match,apple_music_direct_song_hardening_pass_v2,song|upperroom|surrounded fight my battles,graph_song,song,UPPERROOM,Surrounded (Fight My Battles),2018,us,direct_song_hardening_v2_no_auto_match,10,71,4,artist_not_matched,apple_song_search_needs_review_version_risk,artist_not_matched,,false
graph_song:song|upperroom|worthy of it all:direct_song_hardening_v2_no_auto_match,apple_music_direct_song_hardening_pass_v2,song|upperroom|worthy of it all,graph_song,song,UPPERROOM,Worthy of It All,2012,us,direct_song_hardening_v2_no_auto_match,10,66,5,artist_not_matched,apple_song_search_needs_review_version_risk,artist_not_matched,,false
graph_song:song|vince guaraldi trio|christmas time is here:direct_song_hardening_v2_no_auto_match,apple_music_direct_song_hardening_pass_v2,song|vince guaraldi trio|christmas time is here,graph_song,song,Vince Guaraldi Trio,Christmas Time Is Here,1965,us,direct_song_hardening_v2_no_auto_match,10,81,2,title_not_strong_enough,apple_song_search_no_results,,,false
graph_song:song|whitney houston|i wanna dance with somebody:direct_song_hardening_v2_no_auto_match,apple_music_direct_song_hardening_pass_v2,song|whitney houston|i wanna dance with somebody,graph_song,song,Whitney Houston,I Wanna Dance with Somebody,1987,us,direct_song_hardening_v2_no_auto_match,10,82,1,title_not_strong_enough,apple_song_search_no_auto_match,,,false
graph_song:song|wizkid featuring skepta|ojuelegba remix:direct_song_hardening_v2_no_auto_match,apple_music_direct_song_hardening_pass_v2,song|wizkid featuring skepta|ojuelegba remix,graph_song,song,Wizkid featuring Skepta,Ojuelegba (Remix),2015,us,direct_song_hardening_v2_no_auto_match,3,76,3,title_not_strong_enough,apple_song_search_no_auto_match,,,false
graph_song:song|woody guthrie|deportee:direct_song_hardening_v2_no_auto_match,apple_music_direct_song_hardening_pass_v2,song|woody guthrie|deportee,graph_song,song,Woody Guthrie,Deportee,1948,us,direct_song_hardening_v2_no_auto_match,10,70,1,title_not_strong_enough,apple_song_search_needs_review_version_risk,,,false
graph_song:song|woody guthrie|so long it s been good to know yuh:direct_song_hardening_v2_no_auto_match,apple_music_direct_song_hardening_pass_v2,song|woody guthrie|so long it s been good to know yuh,graph_song,song,Woody Guthrie,"So Long, It's Been Good to Know Yuh",1940,us,direct_song_hardening_v2_no_auto_match,10,81,2,title_not_strong_enough,apple_song_search_no_auto_match,,,false
graph_song:song|wun two|rio:direct_song_hardening_v2_no_auto_match,apple_music_direct_song_hardening_pass_v2,song|wun two|rio,graph_song,song,Wun Two,Rio,2019,us,direct_song_hardening_v2_no_auto_match,10,74,1,title_not_strong_enough,apple_song_search_no_auto_match,,,false
graph_song:song|wun two|snow:direct_song_hardening_v2_no_auto_match,apple_music_direct_song_hardening_pass_v2,song|wun two|snow,graph_song,song,Wun Two,Snow,2014,us,direct_song_hardening_v2_no_auto_match,10,76,3,title_not_strong_enough,apple_song_search_no_auto_match,,,false
graph_song:song|x ray spex|germfree adolescents:direct_song_hardening_v2_no_auto_match,apple_music_direct_song_hardening_pass_v2,song|x ray spex|germfree adolescents,graph_song,song,X-Ray Spex,Germfree Adolescents,1978,us,direct_song_hardening_v2_no_auto_match,10,54,1,title_not_matched,apple_song_search_no_auto_match,title_not_matched,,false
graph_song:song|x ray spex|oh bondage up yours:direct_song_hardening_v2_version_term_needs_review,apple_music_direct_song_hardening_pass_v2,song|x ray spex|oh bondage up yours,graph_song,song,X-Ray Spex,Oh Bondage Up Yours!,1977,us,direct_song_hardening_v2_version_term_needs_review,5,57,1,version_term:live,apple_song_search_no_auto_match,version_term:live,,false
graph_song:song|yellowjackets|and you know that:direct_song_hardening_v2_no_auto_match,apple_music_direct_song_hardening_pass_v2,song|yellowjackets|and you know that,graph_song,song,Yellowjackets,And You Know That,1986,us,direct_song_hardening_v2_no_auto_match,10,10,3,title_not_matched,apple_song_search_no_auto_match,title_not_matched;artist_not_matched,,false
graph_song:song|yes|close to the edge:direct_song_hardening_v2_no_auto_match,apple_music_direct_song_hardening_pass_v2,song|yes|close to the edge,graph_song,song,Yes,Close to the Edge,1972,us,direct_song_hardening_v2_no_auto_match,10,82,1,title_not_strong_enough,apple_song_search_no_auto_match,,,false
graph_song:song|yes|i ve seen all good people:direct_song_hardening_v2_no_auto_match,apple_music_direct_song_hardening_pass_v2,song|yes|i ve seen all good people,graph_song,song,Yes,I've Seen All Good People,1971,us,direct_song_hardening_v2_no_auto_match,10,82,1,title_not_strong_enough,apple_song_search_no_auto_match,,,false
graph_song:song|zakary thaks|bad girl:direct_song_hardening_v2_no_results,apple_music_direct_song_hardening_pass_v2,song|zakary thaks|bad girl,graph_song,song,The Zakary Thaks,Bad Girl,1966,us,direct_song_hardening_v2_no_results,0,,,,apple_song_search_no_results,,,false
