deferred_key,run_version,source_ref,source_type,source_candidate_type,artist_display_name,title,year,storefront,deferred_reason,apple_artist_id,artist_id_source,candidate_count,best_score,best_candidate_id,best_candidate_title,best_candidate_variant,error_message,prior_review_reason,raw_payload_persisted
graph_album:album|2baba|grass 2 grace:artist_album_resolver_no_safe_album_match,apple_music_artist_album_resolver_pass_v1,album|2baba|grass 2 grace,graph_album,album,2Baba,Grass 2 Grace,2006,us,artist_album_resolver_no_safe_album_match,924923478,apple_artist_search_ephemeral,2,16,215590267,For Instance - Single,,,apple_album_search_no_auto_match,false
graph_album:album|a tribe called quest|people s instinctive travels and the paths of rhythm:artist_album_resolver_no_safe_album_match,apple_music_artist_album_resolver_pass_v1,album|a tribe called quest|people s instinctive travels and the paths of rhythm,graph_album,album,A Tribe Called Quest,People's Instinctive Travels and the Paths of Rhythm,1990,us,artist_album_resolver_no_safe_album_match,1587965,existing_graph_artist_link,9,40,265670545,Midnight Marauders,,,apple_album_search_no_auto_match,false
graph_album:album|ali farka toure and ry cooder|talking timbuktu:artist_album_resolver_no_safe_album_match,apple_music_artist_album_resolver_pass_v1,album|ali farka toure and ry cooder|talking timbuktu,graph_album,album,Ali Farka Toure and Ry Cooder,Talking Timbuktu,1994,us,artist_album_resolver_no_safe_album_match,7420807,apple_artist_search_ephemeral,4,73,1528519970,Talking Timbuktu (with Ry Cooder),,,apple_album_search_no_auto_match,false
graph_album:album|allman brothers band|at fillmore east:artist_album_resolver_no_safe_album_match,apple_music_artist_album_resolver_pass_v1,album|allman brothers band|at fillmore east,graph_album,album,The Allman Brothers Band,At Fillmore East,1971,us,artist_album_resolver_no_safe_album_match,127835,existing_graph_artist_link,13,45,1469584912,Eat a Peach,,,apple_album_search_no_auto_match,false
graph_album:album|andrae crouch|live in london:artist_album_resolver_no_safe_album_match,apple_music_artist_album_resolver_pass_v1,album|andrae crouch|live in london,graph_album,album,Andrae Crouch,Live in London,1978,us,artist_album_resolver_no_safe_album_match,160991,existing_graph_artist_link,7,40,262497615,I'll Be Thinking of You,,,apple_album_search_no_auto_match,false
graph_album:album|aretha franklin|amazing grace:artist_album_resolver_no_safe_album_match,apple_music_artist_album_resolver_pass_v1,album|aretha franklin|amazing grace,graph_album,album,Aretha Franklin,Amazing Grace,1972,us,artist_album_resolver_no_safe_album_match,98742,existing_graph_artist_link,12,52,284526020,Amazing Grace: The Complete Recordings (Live),,,apple_album_search_no_auto_match,false
graph_album:album|bad brains|bad brains:artist_album_resolver_no_safe_album_match,apple_music_artist_album_resolver_pass_v1,album|bad brains|bad brains,graph_album,album,Bad Brains,Bad Brains,1982,us,artist_album_resolver_no_safe_album_match,6562656,existing_graph_artist_link,2,60,1302287380,Rock for Light (Remastered),,,apple_album_search_no_auto_match,false
graph_album:album|beach boys|surfin u s a:artist_album_resolver_no_safe_album_match,apple_music_artist_album_resolver_pass_v1,album|beach boys|surfin u s a,graph_album,album,The Beach Boys,Surfin' U.S.A.,1963,us,artist_album_resolver_no_safe_album_match,562555,existing_graph_artist_link,25,35,1440841241,Pet Sounds,,,apple_album_search_no_auto_match,false
graph_album:album|beat|beat:artist_album_resolver_no_safe_album_match,apple_music_artist_album_resolver_pass_v1,album|beat|beat,graph_album,album,The Beat,The Beat,1979,us,artist_album_resolver_no_safe_album_match,974285668,apple_artist_search_ephemeral,0,,,,,,apple_album_search_no_auto_match,false
graph_album:album|bethel music|we will not be shaken:artist_album_resolver_no_safe_album_match,apple_music_artist_album_resolver_pass_v1,album|bethel music|we will not be shaken,graph_album,album,Bethel Music,We Will Not Be Shaken,2015,us,artist_album_resolver_no_safe_album_match,480438107,existing_graph_artist_link,21,7,1748006383,Stand In Your Love (Radio Version) - Single,,,apple_album_search_no_auto_match,false
graph_album:album|bill evans trio|waltz for debby:artist_album_resolver_no_safe_album_match,apple_music_artist_album_resolver_pass_v1,album|bill evans trio|waltz for debby,graph_album,album,Bill Evans Trio,Waltz for Debby,1962,us,artist_album_resolver_no_safe_album_match,151188147,apple_artist_search_ephemeral,14,95,1440942198,Waltz for Debby (Original Jazz Classics Remasters) [with Paul Motian & Scott LaFaro],,,apple_album_search_no_auto_match,false
graph_album:album|bing crosby|merry christmas:artist_album_resolver_no_safe_album_match,apple_music_artist_album_resolver_pass_v1,album|bing crosby|merry christmas,graph_album,album,Bing Crosby,Merry Christmas,1945,us,artist_album_resolver_no_safe_album_match,25687,existing_graph_artist_link,8,77,1425234668,White Christmas,,,apple_album_search_no_auto_match,false
graph_album:album|brent faiyaz|fuck the world:artist_album_resolver_no_safe_album_match,apple_music_artist_album_resolver_pass_v1,album|brent faiyaz|fuck the world,graph_album,album,Brent Faiyaz,Fuck the World,2020,us,artist_album_resolver_no_safe_album_match,960127446,existing_graph_artist_link,35,98,1488013862,F**k the World,,,apple_album_search_no_auto_match,false
graph_album:album|bsd u|late night bumps:artist_album_resolver_no_safe_album_match,apple_music_artist_album_resolver_pass_v1,album|bsd u|late night bumps,graph_album,album,bsd.u,Late Night Bumps,2014,us,artist_album_resolver_no_safe_album_match,932976907,existing_graph_artist_link,17,64,1882681151,"late night bumps, Vol. 4",,,apple_album_search_no_auto_match,false
graph_album:album|buck owens|carnegie hall concert:artist_album_resolver_no_safe_album_match,apple_music_artist_album_resolver_pass_v1,album|buck owens|carnegie hall concert,graph_album,album,Buck Owens,Carnegie Hall Concert,1966,us,artist_album_resolver_no_safe_album_match,267664,existing_graph_artist_link,16,56,1470179316,Together Again / My Heart Skips a Beat,,,apple_album_search_no_auto_match,false
graph_album:album|buena vista social club|buena vista social club presents ibrahim ferrer:artist_album_resolver_no_safe_album_match,apple_music_artist_album_resolver_pass_v1,album|buena vista social club|buena vista social club presents ibrahim ferrer,graph_album,album,Buena Vista Social Club,Buena Vista Social Club Presents Ibrahim Ferrer,1999,us,artist_album_resolver_no_safe_album_match,5620149,existing_graph_artist_link,4,59,1716598034,Buena Vista Social Club,,,apple_album_search_no_auto_match,false
graph_album:album|captain beefheart and his magic band|trout mask replica:artist_album_resolver_no_safe_album_match,apple_music_artist_album_resolver_pass_v1,album|captain beefheart and his magic band|trout mask replica,graph_album,album,Captain Beefheart & His Magic Band,Trout Mask Replica,1969,us,artist_album_resolver_no_safe_album_match,196223996,apple_artist_search_ephemeral,4,35,290334563,Safe As Milk,,,apple_album_search_no_auto_match,false
graph_album:album|cheap trick|cheap trick at budokan:artist_album_resolver_no_safe_album_match,apple_music_artist_album_resolver_pass_v1,album|cheap trick|cheap trick at budokan,graph_album,album,Cheap Trick,Cheap Trick at Budokan,1978,us,artist_album_resolver_no_safe_album_match,461577,existing_graph_artist_link,9,49,193204065,At Budokan (Live),,,apple_album_search_no_auto_match,false
graph_album:album|chiffons|chiffons:artist_album_resolver_no_safe_album_match,apple_music_artist_album_resolver_pass_v1,album|chiffons|chiffons,graph_album,album,The Chiffons,The Chiffons,1963,us,artist_album_resolver_no_safe_album_match,190450,existing_graph_artist_link,1,94,1466690187,The Best of the Chiffons,,,apple_album_search_no_auto_match,false
graph_album:album|collins kids|hop skip and jump:artist_album_resolver_no_safe_album_match,apple_music_artist_album_resolver_pass_v1,album|collins kids|hop skip and jump,graph_album,album,The Collins Kids,"Hop, Skip and Jump",1991,us,artist_album_resolver_no_safe_album_match,934690,existing_graph_artist_link,0,,,,,,apple_album_search_no_results,false
graph_album:album|crests|best of the crests:artist_album_resolver_no_safe_album_match,apple_music_artist_album_resolver_pass_v1,album|crests|best of the crests,graph_album,album,The Crests,The Best of the Crests,1962,us,artist_album_resolver_no_safe_album_match,3541714,existing_graph_artist_link,0,,,,,,apple_album_search_no_auto_match,false
graph_album:album|curtis mayfield|super fly:artist_album_resolver_no_safe_album_match,apple_music_artist_album_resolver_pass_v1,album|curtis mayfield|super fly,graph_album,album,Curtis Mayfield,Super Fly,1972,us,artist_album_resolver_no_safe_album_match,169711,existing_graph_artist_link,12,7,1067474758,Move On Up (Single Edit) - Single,,,apple_album_search_no_auto_match,false
graph_album:album|curve|doppelganger:artist_album_resolver_no_safe_album_match,apple_music_artist_album_resolver_pass_v1,album|curve|doppelganger,graph_album,album,Curve,Doppelganger,1992,us,artist_album_resolver_no_safe_album_match,100065,apple_artist_search_ephemeral,0,,,,,,apple_album_search_no_results,false
graph_album:album|def leppard|vault def leppard greatest hits 1980 1995:artist_album_resolver_no_safe_album_match,apple_music_artist_album_resolver_pass_v1,album|def leppard|vault def leppard greatest hits 1980 1995,graph_album,album,Def Leppard,Vault: Def Leppard Greatest Hits 1980-1995,1995,us,artist_album_resolver_no_safe_album_match,117554,existing_graph_artist_link,5,52,1671076722,Def Leppard,,,apple_album_search_no_results,false
graph_album:album|dinosaur jr|youre living all over me:artist_album_resolver_no_safe_album_match,apple_music_artist_album_resolver_pass_v1,album|dinosaur jr|youre living all over me,graph_album,album,Dinosaur Jr.,Youre Living All Over Me,1987,us,artist_album_resolver_no_safe_album_match,509577,existing_graph_artist_link,3,104,1497701141,You're Living All Over Me (Bonus Track Version),,,apple_album_search_no_auto_match,false
graph_album:album|dj quik|safe sound:artist_album_resolver_no_safe_album_match,apple_music_artist_album_resolver_pass_v1,album|dj quik|safe sound,graph_album,album,DJ Quik,Safe + Sound,1995,us,artist_album_resolver_no_safe_album_match,184839847,apple_artist_search_ephemeral,4,40,298572253,Rhythm-Al-Ism,,,apple_album_search_no_auto_match,false
graph_album:album|dna|a taste of dna:artist_album_resolver_no_safe_album_match,apple_music_artist_album_resolver_pass_v1,album|dna|a taste of dna,graph_album,album,DNA,A Taste of DNA,1981,us,artist_album_resolver_no_safe_album_match,1479748299,apple_artist_search_ephemeral,0,,,,,,apple_album_search_no_auto_match,false
graph_album:album|duke ellington|ellington at newport:artist_album_resolver_no_safe_album_match,apple_music_artist_album_resolver_pass_v1,album|duke ellington|ellington at newport,graph_album,album,Duke Ellington,Ellington at Newport,1956,us,artist_album_resolver_no_safe_album_match,39525,existing_graph_artist_link,17,75,999653079,Ellington At Newport 1956 (Complete) [Live],,,apple_album_search_no_auto_match,false
graph_album:album|eevee|seeds:artist_album_resolver_no_safe_album_match,apple_music_artist_album_resolver_pass_v1,album|eevee|seeds,graph_album,album,eevee,Seeds,2017,us,artist_album_resolver_no_safe_album_match,1201274894,existing_graph_artist_link,6,7,1820295172,nocturne melancholy dream - Remix - Single,,,apple_album_search_no_results,false
graph_album:album|el p|fantastic damage:artist_album_resolver_no_safe_album_match,apple_music_artist_album_resolver_pass_v1,album|el p|fantastic damage,graph_album,album,El-P,Fantastic Damage,2002,us,artist_album_resolver_no_safe_album_match,1439616538,apple_artist_search_ephemeral,0,,,,,,apple_album_search_no_auto_match,false
graph_album:album|fania all stars|live at the cheetah vol 1:artist_album_resolver_no_safe_album_match,apple_music_artist_album_resolver_pass_v1,album|fania all stars|live at the cheetah vol 1,graph_album,album,Fania All-Stars,"Live at the Cheetah, Vol. 1",1972,us,artist_album_resolver_no_safe_album_match,273552433,apple_artist_search_ephemeral,8,69,1481517285,"Live At The Cheetah, Vol. 1 (Live)",,,apple_album_search_no_auto_match,false
graph_album:album|fats domino|this is fats domino:artist_album_resolver_no_safe_album_match,apple_music_artist_album_resolver_pass_v1,album|fats domino|this is fats domino,graph_album,album,Fats Domino,This Is Fats Domino!,1956,us,artist_album_resolver_no_safe_album_match,637059,existing_graph_artist_link,2,52,1396311078,Fats Domino Swings,,,apple_album_search_no_auto_match,false
graph_album:album|flatlanders|more a legend than a band:artist_album_resolver_no_safe_album_match,apple_music_artist_album_resolver_pass_v1,album|flatlanders|more a legend than a band,graph_album,album,The Flatlanders,More a Legend Than a Band,1990,us,artist_album_resolver_no_safe_album_match,5154840,apple_artist_search_ephemeral,0,,,,,,apple_album_search_no_results,false
graph_album:album|frank zappa|lumpy gravy:artist_album_resolver_no_safe_album_match,apple_music_artist_album_resolver_pass_v1,album|frank zappa|lumpy gravy,graph_album,album,Frank Zappa,Lumpy Gravy,1968,us,artist_album_resolver_no_safe_album_match,458712,apple_artist_search_ephemeral,5,40,1562897106,Hot Rats,,,apple_album_search_no_auto_match,false
graph_album:album|fugs|it crawled into my hand honest:artist_album_resolver_no_safe_album_match,apple_music_artist_album_resolver_pass_v1,album|fugs|it crawled into my hand honest,graph_album,album,The Fugs,"It Crawled Into My Hand, Honest",1968,us,artist_album_resolver_no_safe_album_match,5625744,existing_graph_artist_link,3,35,1439276930,First Album,,,apple_album_search_no_results,false
graph_album:album|funkadelic|one nation under a groove:artist_album_resolver_no_safe_album_match,apple_music_artist_album_resolver_pass_v1,album|funkadelic|one nation under a groove,graph_album,album,Funkadelic,One Nation Under a Groove,1978,us,artist_album_resolver_no_safe_album_match,32181103,apple_artist_search_ephemeral,3,40,1595227717,Let's Take It To the Stage,,,apple_album_search_no_auto_match,false
graph_album:album|garth brooks|no fences:artist_album_resolver_no_safe_album_match,apple_music_artist_album_resolver_pass_v1,album|garth brooks|no fences,graph_album,album,Garth Brooks,No Fences,1990,us,artist_album_resolver_no_safe_album_match,329451,existing_graph_artist_link,0,,,,,,apple_album_search_no_auto_match,false
graph_album:album|garth brooks|ropin the wind:artist_album_resolver_no_safe_album_match,apple_music_artist_album_resolver_pass_v1,album|garth brooks|ropin the wind,graph_album,album,Garth Brooks,Ropin' the Wind,1991,us,artist_album_resolver_no_safe_album_match,329451,existing_graph_artist_link,0,,,,,,apple_album_search_no_auto_match,false
graph_album:album|gene vincent|bluejean bop:artist_album_resolver_no_safe_album_match,apple_music_artist_album_resolver_pass_v1,album|gene vincent|bluejean bop,graph_album,album,Gene Vincent,Bluejean Bop!,1958,us,artist_album_resolver_no_safe_album_match,531519,existing_graph_artist_link,5,78,1443088443,Blue Jean Bop,,,apple_album_search_no_auto_match,false
graph_album:album|gene vincent|gene vincent and his blue caps:artist_album_resolver_no_safe_album_match,apple_music_artist_album_resolver_pass_v1,album|gene vincent|gene vincent and his blue caps,graph_album,album,Gene Vincent,Gene Vincent and His Blue Caps,1957,us,artist_album_resolver_no_safe_album_match,531519,existing_graph_artist_link,6,47,1443088443,Blue Jean Bop,,,apple_album_search_no_auto_match,false
graph_album:album|genesis|foxtrot:artist_album_resolver_no_safe_album_match,apple_music_artist_album_resolver_pass_v1,album|genesis|foxtrot,graph_album,album,Genesis,Foxtrot,1972,us,artist_album_resolver_no_safe_album_match,95966,existing_graph_artist_link,8,45,294810249,Selling England By the Pound (2007 Stereo Mix),,,apple_album_search_no_auto_match,false
graph_album:album|genesis|selling england by the pound:artist_album_resolver_no_safe_album_match,apple_music_artist_album_resolver_pass_v1,album|genesis|selling england by the pound,graph_album,album,Genesis,Selling England by the Pound,1973,us,artist_album_resolver_no_safe_album_match,95966,existing_graph_artist_link,10,73,294810249,Selling England By the Pound (2007 Stereo Mix),,,apple_album_search_no_auto_match,false
graph_album:album|hanoi rocks|two steps from the move:artist_album_resolver_no_safe_album_match,apple_music_artist_album_resolver_pass_v1,album|hanoi rocks|two steps from the move,graph_album,album,Hanoi Rocks,Two Steps from the Move,1984,us,artist_album_resolver_no_safe_album_match,1168156,existing_graph_artist_link,7,40,1471136041,Oriental Beat,,,apple_album_search_no_results,false
graph_album:album|harptones|life is but a dream:artist_album_resolver_no_safe_album_match,apple_music_artist_album_resolver_pass_v1,album|harptones|life is but a dream,graph_album,album,The Harptones,Life Is But a Dream,1990,us,artist_album_resolver_no_safe_album_match,63772007,existing_graph_artist_link,2,77,1491664837,Life is but a Dream,,,apple_album_search_no_auto_match,false
graph_album:album|idle race|birthday party:artist_album_resolver_no_safe_album_match,apple_music_artist_album_resolver_pass_v1,album|idle race|birthday party,graph_album,album,The Idle Race,The Birthday Party,1968,us,artist_album_resolver_no_safe_album_match,250199413,apple_artist_search_ephemeral,0,,,,,,apple_album_search_no_results,false
graph_album:album|jackie wilson|mr excitement:artist_album_resolver_no_safe_album_match,apple_music_artist_album_resolver_pass_v1,album|jackie wilson|mr excitement,graph_album,album,Jackie Wilson,Mr. Excitement!,1962,us,artist_album_resolver_no_safe_album_match,267843,existing_graph_artist_link,11,32,406066594,Lonely Tear Drops (Remastered),,,apple_album_search_no_auto_match,false
graph_album:album|jeff mills|waveform transmission vol 1:artist_album_resolver_no_safe_album_match,apple_music_artist_album_resolver_pass_v1,album|jeff mills|waveform transmission vol 1,graph_album,album,Jeff Mills,Waveform Transmission Vol. 1,1992,us,artist_album_resolver_no_safe_album_match,5207761,existing_graph_artist_link,1,35,1860112728,Jeff Mills at The Liquid Room (DJ Mix),,,apple_album_search_no_results,false
graph_album:album|jerry jeff walker|viva terlingua:artist_album_resolver_no_safe_album_match,apple_music_artist_album_resolver_pass_v1,album|jerry jeff walker|viva terlingua,graph_album,album,Jerry Jeff Walker,Viva Terlingua,1973,us,artist_album_resolver_no_safe_album_match,25410,existing_graph_artist_link,5,73,1444063123,Viva Terlingua (Live),,,apple_album_search_no_auto_match,false
graph_album:album|jesus culture|your love never fails:artist_album_resolver_no_safe_album_match,apple_music_artist_album_resolver_pass_v1,album|jesus culture|your love never fails,graph_album,album,Jesus Culture,Your Love Never Fails,2008,us,artist_album_resolver_no_safe_album_match,319089613,apple_artist_search_ephemeral,6,40,1440851609,Come Away (Live),,,apple_album_search_no_auto_match,false
graph_album:album|jethro tull|thick as a brick:artist_album_resolver_no_safe_album_match,apple_music_artist_album_resolver_pass_v1,album|jethro tull|thick as a brick,graph_album,album,Jethro Tull,Thick as a Brick,1972,us,artist_album_resolver_no_safe_album_match,44596725,existing_graph_artist_link,21,24,726371044,Aqualung (1996 Bonus Tracks Edition),,,apple_album_search_no_auto_match,false
graph_album:album|joan baez|in concert:artist_album_resolver_no_safe_album_match,apple_music_artist_album_resolver_pass_v1,album|joan baez|in concert,graph_album,album,Joan Baez,In Concert,1962,us,artist_album_resolver_no_safe_album_match,53225,existing_graph_artist_link,7,19,712142976,Joan Baez (Bonus Track Version),,,apple_album_search_no_auto_match,false
graph_album:album|joff bush|bluey the album:artist_album_resolver_no_safe_album_match,apple_music_artist_album_resolver_pass_v1,album|joff bush|bluey the album,graph_album,album,Joff Bush,Bluey: The Album,2021,us,artist_album_resolver_no_safe_album_match,1525562423,apple_artist_search_ephemeral,5,20,1539220729,Bluey Theme Tune (Instrument Parade) - Single,,,apple_album_search_no_auto_match,false
graph_album:album|johnny cash|at folsom prison:artist_album_resolver_no_safe_album_match,apple_music_artist_album_resolver_pass_v1,album|johnny cash|at folsom prison,graph_album,album,Johnny Cash,At Folsom Prison,1968,us,artist_album_resolver_no_safe_album_match,70936,existing_graph_artist_link,27,73,825516828,At Folsom Prison (Live),,,apple_album_search_no_auto_match,false
graph_album:album|jungle brothers|done by the forces of nature:artist_album_resolver_no_safe_album_match,apple_music_artist_album_resolver_pass_v1,album|jungle brothers|done by the forces of nature,graph_album,album,Jungle Brothers,Done by the Forces of Nature,1989,us,artist_album_resolver_no_safe_album_match,199887,existing_graph_artist_link,6,40,3242008,Straight Out the Jungle,,,apple_album_search_no_auto_match,false
graph_album:album|justice|cross:artist_album_resolver_no_safe_album_match,apple_music_artist_album_resolver_pass_v1,album|justice|cross,graph_album,album,Justice,Cross,2007,us,artist_album_resolver_no_safe_album_match,145072812,existing_graph_artist_link,10,66,259751732,Justice,,,apple_album_search_no_auto_match,false
graph_album:album|kathy young and the innocents|a thousand stars:artist_album_resolver_no_safe_album_match,apple_music_artist_album_resolver_pass_v1,album|kathy young and the innocents|a thousand stars,graph_album,album,Kathy Young & The Innocents,A Thousand Stars,1961,us,artist_album_resolver_no_safe_album_match,16749993,manual_artist_override,1,45,420888756,A Thousand Stars (Remastered) - Single,,,apple_album_search_no_auto_match,false
graph_album:album|kiss|alive:artist_album_resolver_no_safe_album_match,apple_music_artist_album_resolver_pass_v1,album|kiss|alive,graph_album,album,Kiss,Alive!,1975,us,artist_album_resolver_no_safe_album_match,118108,existing_graph_artist_link,12,37,1440854205,Destroyer (2012 Remaster),,,apple_album_search_no_auto_match,false
graph_album:album|kruder and dorfmeister|kandd sessions:artist_album_resolver_no_safe_album_match,apple_music_artist_album_resolver_pass_v1,album|kruder and dorfmeister|kandd sessions,graph_album,album,Kruder & Dorfmeister,The K&D Sessions,1998,us,artist_album_resolver_no_safe_album_match,1422733,apple_artist_search_ephemeral,11,73,1613602443,The K&D Sessions (DJ Mix),,,apple_album_search_no_auto_match,false
graph_album:album|kurtis blow|tough:artist_album_resolver_no_safe_album_match,apple_music_artist_album_resolver_pass_v1,album|kurtis blow|tough,graph_album,album,Kurtis Blow,Tough,1982,us,artist_album_resolver_no_safe_album_match,57693,existing_graph_artist_link,3,35,1442217354,Kurtis Blow,,,apple_album_search_no_auto_match,false
graph_album:album|larry heard|sceneries not songs volume one:artist_album_resolver_no_safe_album_match,apple_music_artist_album_resolver_pass_v1,album|larry heard|sceneries not songs volume one,graph_album,album,Larry Heard,"Sceneries Not Songs, Volume One",1994,us,artist_album_resolver_no_safe_album_match,2899960,existing_graph_artist_link,3,40,1402122508,Alien,,,apple_album_search_no_auto_match,false
graph_album:album|link wray|link wray and the wraymen:artist_album_resolver_no_safe_album_match,apple_music_artist_album_resolver_pass_v1,album|link wray|link wray and the wraymen,graph_album,album,Link Wray,Link Wray & the Wraymen,1960,us,artist_album_resolver_no_safe_album_match,5325084,existing_graph_artist_link,2,7,545183367,Rumble (Remastered) - Single,,,apple_album_search_no_auto_match,false
graph_album:album|little feat|waiting for columbus:artist_album_resolver_no_safe_album_match,apple_music_artist_album_resolver_pass_v1,album|little feat|waiting for columbus,graph_album,album,Little Feat,Waiting for Columbus,1978,us,artist_album_resolver_no_safe_album_match,166601,existing_graph_artist_link,9,52,286857514,Waiting for Columbus (Deluxe Edition) [Live],,,apple_album_search_no_auto_match,false
graph_album:album|little river band|greatest hits:artist_album_resolver_no_safe_album_match,apple_music_artist_album_resolver_pass_v1,album|little river band|greatest hits,graph_album,album,Little River Band,Greatest Hits,1982,us,artist_album_resolver_no_safe_album_match,553680,existing_graph_artist_link,5,49,1647730866,First Under The Wire (Remastered 2022),,,apple_album_search_no_auto_match,false
graph_album:album|ll cool j|bigger and deffer:artist_album_resolver_no_safe_album_match,apple_music_artist_album_resolver_pass_v1,album|ll cool j|bigger and deffer,graph_album,album,LL Cool J,Bigger and Deffer,1987,us,artist_album_resolver_no_safe_album_match,50311,existing_graph_artist_link,0,,,,,,apple_album_search_no_auto_match,false
graph_album:album|ll cool j|radio:artist_album_resolver_no_safe_album_match,apple_music_artist_album_resolver_pass_v1,album|ll cool j|radio,graph_album,album,LL Cool J,Radio,1985,us,artist_album_resolver_no_safe_album_match,50311,existing_graph_artist_link,0,,,,,,apple_album_search_no_auto_match,false
graph_album:album|lydia lunch|queen of siam:artist_album_resolver_no_safe_album_match,apple_music_artist_album_resolver_pass_v1,album|lydia lunch|queen of siam,graph_album,album,Lydia Lunch,Queen of Siam,1980,us,artist_album_resolver_no_safe_album_match,3200041,apple_artist_search_ephemeral,1,7,1540689616,Some Velvet Morning - Single,,,apple_album_search_no_results,false
graph_album:album|mahalia jackson|world s greatest gospel singer:artist_album_resolver_no_safe_album_match,apple_music_artist_album_resolver_pass_v1,album|mahalia jackson|world s greatest gospel singer,graph_album,album,Mahalia Jackson,The World's Greatest Gospel Singer,1955,us,artist_album_resolver_no_safe_album_match,26168,existing_graph_artist_link,2,45,1032610100,Bless This House,,,apple_album_search_no_auto_match,false
graph_album:album|major lance|monkey time:artist_album_resolver_no_safe_album_match,apple_music_artist_album_resolver_pass_v1,album|major lance|monkey time,graph_album,album,Major Lance,The Monkey Time,1963,us,artist_album_resolver_no_safe_album_match,461773,existing_graph_artist_link,3,48,704790161,The Monkey Time (Remastered) - Single,,,apple_album_search_no_auto_match,false
graph_album:album|massive attack|blue lines:artist_album_resolver_no_safe_album_match,apple_music_artist_album_resolver_pass_v1,album|massive attack|blue lines,graph_album,album,Massive Attack,Blue Lines,1991,us,artist_album_resolver_no_safe_album_match,526404,existing_graph_artist_link,9,73,715864097,Blue Lines (2012 Mix/Master),,,apple_album_search_no_auto_match,false
graph_album:album|maverick city music|maverick city vol 3 part 1:artist_album_resolver_no_safe_album_match,apple_music_artist_album_resolver_pass_v1,album|maverick city music|maverick city vol 3 part 1,graph_album,album,Maverick City Music,Maverick City Vol. 3 Part 1,2020,us,artist_album_resolver_no_safe_album_match,1474458790,existing_graph_artist_link,36,7,1600590563,Firm Foundation (He Won't) - Single,,,apple_album_search_no_auto_match,false
graph_album:album|megadeth|peace sells but who is buying:artist_album_resolver_no_safe_album_match,apple_music_artist_album_resolver_pass_v1,album|megadeth|peace sells but who is buying,graph_album,album,Megadeth,Peace Sells... but Who is Buying?,1986,us,artist_album_resolver_no_safe_album_match,488289,existing_graph_artist_link,6,113,1440837699,Peace Sells... But Who's Buying?,,,apple_album_search_no_auto_match,false
graph_album:album|minor threat|complete discography:artist_album_resolver_no_safe_album_match,apple_music_artist_album_resolver_pass_v1,album|minor threat|complete discography,graph_album,album,Minor Threat,Complete Discography,1989,us,artist_album_resolver_no_safe_album_match,49249573,existing_graph_artist_link,0,,,,,,apple_album_search_no_auto_match,false
graph_album:album|misfits|walk among us:artist_album_resolver_no_safe_album_match,apple_music_artist_album_resolver_pass_v1,album|misfits|walk among us,graph_album,album,Misfits,Walk Among Us,1982,us,artist_album_resolver_no_safe_album_match,116250,existing_graph_artist_link,3,45,714724772,"Earth A.D. / Die, Die My Darling",,,apple_album_search_no_auto_match,false
graph_album:album|moby grape|moby grape:artist_album_resolver_no_safe_album_match,apple_music_artist_album_resolver_pass_v1,album|moby grape|moby grape,graph_album,album,Moby Grape,Moby Grape,1967,us,artist_album_resolver_no_safe_album_match,18751465,apple_artist_search_ephemeral,4,28,267031218,Moby Grape 69' (Bonus Track Version),,,apple_album_search_no_auto_match,false
graph_album:album|monks|black monk time:artist_album_resolver_no_safe_album_match,apple_music_artist_album_resolver_pass_v1,album|monks|black monk time,graph_album,album,The Monks,Black Monk Time,1966,us,artist_album_resolver_no_safe_album_match,201246132,apple_artist_search_ephemeral,0,,,,,,apple_album_search_no_auto_match,false
graph_album:album|motorhead|no sleep til hammersmith:artist_album_resolver_no_safe_album_match,apple_music_artist_album_resolver_pass_v1,album|motorhead|no sleep til hammersmith,graph_album,album,Motorhead,No Sleep 'til Hammersmith,1981,us,artist_album_resolver_no_safe_album_match,539605,existing_graph_artist_link,25,37,1439442940,Ace of Spades (Expanded Edition),,,apple_album_search_no_auto_match,false
graph_album:album|move|move:artist_album_resolver_no_safe_album_match,apple_music_artist_album_resolver_pass_v1,album|move|move,graph_album,album,The Move,The Move,1968,us,artist_album_resolver_no_safe_album_match,14885365,apple_artist_search_ephemeral,2,40,1443068636,Shazam,,,apple_album_search_no_auto_match,false
graph_album:album|my bloody valentine|loveless:artist_album_resolver_no_safe_album_match,apple_music_artist_album_resolver_pass_v1,album|my bloody valentine|loveless,graph_album,album,My Bloody Valentine,Loveless,1991,us,artist_album_resolver_no_safe_album_match,206711,existing_graph_artist_link,2,21,1567655929,you made me realise - EP,,,apple_album_search_no_auto_match,false
graph_album:album|neil diamond|hot august night:artist_album_resolver_no_safe_album_match,apple_music_artist_album_resolver_pass_v1,album|neil diamond|hot august night,graph_album,album,Neil Diamond,Hot August Night,1972,us,artist_album_resolver_no_safe_album_match,94935,existing_graph_artist_link,15,52,1443288776,Hot August Night (40th Anniversary Deluxe Edition),,,apple_album_search_no_auto_match,false
graph_album:album|nirvana uk|story of simon simopath:artist_album_resolver_no_safe_album_match,apple_music_artist_album_resolver_pass_v1,album|nirvana uk|story of simon simopath,graph_album,album,Nirvana (UK),The Story of Simon Simopath,1967,us,artist_album_resolver_no_safe_album_match,256176428,apple_artist_search_ephemeral,0,,,,,,apple_album_search_no_results,false
graph_album:album|odetta|odetta at carnegie hall:artist_album_resolver_no_safe_album_match,apple_music_artist_album_resolver_pass_v1,album|odetta|odetta at carnegie hall,graph_album,album,Odetta,Odetta at Carnegie Hall,1960,us,artist_album_resolver_no_safe_album_match,219829,existing_graph_artist_link,10,35,787565085,Odetta Sings Folk Songs,,,apple_album_search_no_auto_match,false
graph_album:album|original broadway cast of a chorus line|a chorus line:artist_album_resolver_no_safe_album_match,apple_music_artist_album_resolver_pass_v1,album|original broadway cast of a chorus line|a chorus line,graph_album,album,Original Broadway Cast of A Chorus Line,A Chorus Line,1975,us,artist_album_resolver_no_safe_album_match,1041504504,apple_artist_search_ephemeral,1,93,1041504493,A Chorus Line - 40th Anniversary Celebration (Original Broadway Cast Recording),,,apple_album_search_no_auto_match,false
graph_album:album|original broadway cast of cabaret|cabaret:artist_album_resolver_no_artist_id,apple_music_artist_album_resolver_pass_v1,album|original broadway cast of cabaret|cabaret,graph_album,album,Original Broadway Cast of Cabaret,Cabaret,1966,us,artist_album_resolver_no_artist_id,,,,,,,,,apple_album_search_no_auto_match,false
graph_album:album|original broadway cast of fiddler on the roof|fiddler on the roof:artist_album_resolver_no_safe_album_match,apple_music_artist_album_resolver_pass_v1,album|original broadway cast of fiddler on the roof|fiddler on the roof,graph_album,album,Original Broadway Cast of Fiddler on the Roof,Fiddler on the Roof,1964,us,artist_album_resolver_no_safe_album_match,1006227417,apple_artist_search_ephemeral,1,89,357911383,Fiddler on the Roof (Original Broadway Cast Recording) (Deluxe Edition),,,apple_album_search_no_auto_match,false
graph_album:album|original broadway cast of guys and dolls|guys and dolls:artist_album_resolver_no_artist_id,apple_music_artist_album_resolver_pass_v1,album|original broadway cast of guys and dolls|guys and dolls,graph_album,album,Original Broadway Cast of Guys and Dolls,Guys and Dolls,1950,us,artist_album_resolver_no_artist_id,,,,,,,,,apple_album_search_no_auto_match,false
graph_album:album|original broadway cast of gypsy|gypsy:artist_album_resolver_no_artist_id,apple_music_artist_album_resolver_pass_v1,album|original broadway cast of gypsy|gypsy,graph_album,album,Original Broadway Cast of Gypsy,Gypsy,1959,us,artist_album_resolver_no_artist_id,,,,,,,,,apple_album_search_no_auto_match,false
graph_album:album|original broadway cast of into the woods|into the woods:artist_album_resolver_no_artist_id,apple_music_artist_album_resolver_pass_v1,album|original broadway cast of into the woods|into the woods,graph_album,album,Original Broadway Cast of Into the Woods,Into the Woods,1988,us,artist_album_resolver_no_artist_id,,,,,,,,,apple_album_search_no_auto_match,false
graph_album:album|original broadway cast of oklahoma|oklahoma:artist_album_resolver_no_safe_album_match,apple_music_artist_album_resolver_pass_v1,album|original broadway cast of oklahoma|oklahoma,graph_album,album,Original Broadway Cast of Oklahoma!,Oklahoma!,1943,us,artist_album_resolver_no_safe_album_match,1665787659,apple_artist_search_ephemeral,1,24,1665787648,"Oklahoma (Live On The Ed Sullivan Show, March 27, 1955) - Single",,,apple_album_search_no_auto_match,false
graph_album:album|original broadway cast of west side story|west side story:artist_album_resolver_no_artist_id,apple_music_artist_album_resolver_pass_v1,album|original broadway cast of west side story|west side story,graph_album,album,Original Broadway Cast of West Side Story,West Side Story,1957,us,artist_album_resolver_no_artist_id,,,,,,,,,apple_album_search_no_auto_match,false
graph_album:album|original london cast of les miserables|les miserables:artist_album_resolver_no_artist_id,apple_music_artist_album_resolver_pass_v1,album|original london cast of les miserables|les miserables,graph_album,album,Original London Cast of Les Miserables,Les Miserables,1985,us,artist_album_resolver_no_artist_id,,,,,,,,,apple_album_search_no_auto_match,false
graph_album:album|oscar d leon|el oscar de la salsa:artist_album_resolver_no_safe_album_match,apple_music_artist_album_resolver_pass_v1,album|oscar d leon|el oscar de la salsa,graph_album,album,Oscar D'Leon,El Oscar de la Salsa,1975,us,artist_album_resolver_no_safe_album_match,32404,existing_graph_artist_link,2,63,1450234728,Boleros Con: Oscar D'León,,,apple_album_search_no_auto_match,false
graph_album:album|paris sisters|paris sisters:artist_album_resolver_no_safe_album_match,apple_music_artist_album_resolver_pass_v1,album|paris sisters|paris sisters,graph_album,album,The Paris Sisters,The Paris Sisters,1961,us,artist_album_resolver_no_safe_album_match,132620243,existing_graph_artist_link,2,21,529177472,I Love How You Love Me (Remastered) - Single,,,apple_album_search_no_auto_match,false
graph_album:album|patsy cline|showcase:artist_album_resolver_no_safe_album_match,apple_music_artist_album_resolver_pass_v1,album|patsy cline|showcase,graph_album,album,Patsy Cline,Showcase,1961,us,artist_album_resolver_no_safe_album_match,95778,existing_graph_artist_link,7,45,1443840333,Sentimentally Yours,,,apple_album_search_no_auto_match,false
graph_album:album|paul anka|paul anka:artist_album_resolver_no_safe_album_match,apple_music_artist_album_resolver_pass_v1,album|paul anka|paul anka,graph_album,album,Paul Anka,Paul Anka,1958,us,artist_album_resolver_no_safe_album_match,21579,existing_graph_artist_link,12,58,282219304,Put Your Head On My Shoulder: The Very Best Of Paul Anka,,,apple_album_search_no_auto_match,false
graph_album:album|peter gabriel|passion:artist_album_resolver_no_safe_album_match,apple_music_artist_album_resolver_pass_v1,album|peter gabriel|passion,graph_album,album,Peter Gabriel,Passion,1989,us,artist_album_resolver_no_safe_album_match,115433,existing_graph_artist_link,5,40,986800858,So,,,apple_album_search_no_auto_match,false
graph_album:album|peter paul and mary|if i had a hammer:artist_album_resolver_no_safe_album_match,apple_music_artist_album_resolver_pass_v1,album|peter paul and mary|if i had a hammer,graph_album,album,"Peter, Paul and Mary",If I Had a Hammer,1962,us,artist_album_resolver_no_safe_album_match,167393,existing_graph_artist_link,6,44,302102786,"Peter, Paul and Mary",,,apple_album_search_no_auto_match,false
graph_album:album|phil spector various artists|back to mono 1958 1969:artist_album_resolver_no_artist_id,apple_music_artist_album_resolver_pass_v1,album|phil spector various artists|back to mono 1958 1969,graph_album,album,Phil Spector / Various Artists,Back to Mono (1958-1969),1991,us,artist_album_resolver_no_artist_id,,,,,,,,,apple_album_search_no_results,false
graph_album:album|platters|encore of golden hits:artist_album_resolver_no_safe_album_match,apple_music_artist_album_resolver_pass_v1,album|platters|encore of golden hits,graph_album,album,The Platters,Encore of Golden Hits,1960,us,artist_album_resolver_no_safe_album_match,368242,existing_graph_artist_link,15,87,1783391456,Golden Hits,,,apple_album_search_no_auto_match,false
graph_album:album|public image ltd|metal box:artist_album_resolver_no_safe_album_match,apple_music_artist_album_resolver_pass_v1,album|public image ltd|metal box,graph_album,album,Public Image Ltd,Metal Box,1979,us,artist_album_resolver_no_safe_album_match,20942761,existing_graph_artist_link,3,112,95911817,Second Edition,,,apple_album_search_no_auto_match,false
graph_album:album|ray stevens|ray stevens greatest hits:artist_album_resolver_no_safe_album_match,apple_music_artist_album_resolver_pass_v1,album|ray stevens|ray stevens greatest hits,graph_album,album,Ray Stevens,Ray Stevens' Greatest Hits,1987,us,artist_album_resolver_no_safe_album_match,25445,existing_graph_artist_link,8,56,1444183636,Crackin' Up!,,,apple_album_search_no_auto_match,false
graph_album:album|reagan youth|youth anthems for the new order:artist_album_resolver_no_safe_album_match,apple_music_artist_album_resolver_pass_v1,album|reagan youth|youth anthems for the new order,graph_album,album,Reagan Youth,Youth Anthems for the New Order,1984,us,artist_album_resolver_no_safe_album_match,21910556,apple_artist_search_ephemeral,1,120,1487575585,The Complete Youth Anthems for the New Order,,,apple_album_search_no_auto_match,false
graph_album:album|red krayola|parable of arable land:artist_album_resolver_no_safe_album_match,apple_music_artist_album_resolver_pass_v1,album|red krayola|parable of arable land,graph_album,album,Red Krayola,The Parable of Arable Land,1967,us,artist_album_resolver_no_safe_album_match,41780174,apple_artist_search_ephemeral,5,97,558673753,The Parable of Arable Land (2011 Sonic Boom Stereo) [Remastered],,,apple_album_search_no_auto_match,false
graph_album:album|renaissance|scheherazade and other stories:artist_album_resolver_no_safe_album_match,apple_music_artist_album_resolver_pass_v1,album|renaissance|scheherazade and other stories,graph_album,album,Renaissance,Scheherazade and Other Stories,1975,us,artist_album_resolver_no_safe_album_match,1139738909,existing_graph_artist_link,6,45,1768089567,Turn of the Cards,,,apple_album_search_no_auto_match,false
graph_album:album|revels|intoxica:artist_album_resolver_no_safe_album_match,apple_music_artist_album_resolver_pass_v1,album|revels|intoxica,graph_album,album,The Revels,Intoxica!!!,1995,us,artist_album_resolver_no_safe_album_match,16276427,existing_graph_artist_link,0,,,,,,apple_album_search_no_results,false
graph_album:album|rip chords|hey little cobra and other hot rod hits:artist_album_resolver_no_safe_album_match,apple_music_artist_album_resolver_pass_v1,album|rip chords|hey little cobra and other hot rod hits,graph_album,album,The Rip Chords,Hey Little Cobra and Other Hot Rod Hits,1964,us,artist_album_resolver_no_safe_album_match,943776,existing_graph_artist_link,2,44,260302028,Three Window Coupe,,,apple_album_search_no_auto_match,false
graph_album:album|rossington collins band|anytime anyplace anywhere:artist_album_resolver_no_safe_album_match,apple_music_artist_album_resolver_pass_v1,album|rossington collins band|anytime anyplace anywhere,graph_album,album,Rossington Collins Band,"Anytime, Anyplace, Anywhere",1980,us,artist_album_resolver_no_safe_album_match,64790,apple_artist_search_ephemeral,1,45,1443486929,This Is the Way,,,apple_album_search_no_auto_match,false
graph_album:album|santo and johnny|santo and johnny:artist_album_resolver_no_safe_album_match,apple_music_artist_album_resolver_pass_v1,album|santo and johnny|santo and johnny,graph_album,album,Santo & Johnny,Santo & Johnny,1959,us,artist_album_resolver_no_safe_album_match,3967831,existing_graph_artist_link,17,52,261233703,"Santo & Johnny, Vol. 1: Sleepwalk",,,apple_album_search_no_auto_match,false
graph_album:album|scratch acid|greatest gift:artist_album_resolver_no_safe_album_match,apple_music_artist_album_resolver_pass_v1,album|scratch acid|greatest gift,graph_album,album,Scratch Acid,The Greatest Gift,1991,us,artist_album_resolver_no_safe_album_match,60306701,existing_graph_artist_link,0,,,,,,apple_album_search_no_results,false
graph_album:album|sham 69|tell us the truth:artist_album_resolver_no_safe_album_match,apple_music_artist_album_resolver_pass_v1,album|sham 69|tell us the truth,graph_album,album,Sham 69,Tell Us the Truth,1978,us,artist_album_resolver_no_safe_album_match,3183954,existing_graph_artist_link,5,49,1436093679,That's Life,,,apple_album_search_no_results,false
graph_album:album|soft machine|volume two:artist_album_resolver_no_safe_album_match,apple_music_artist_album_resolver_pass_v1,album|soft machine|volume two,graph_album,album,Soft Machine,Volume Two,1969,us,artist_album_resolver_no_safe_album_match,7212088,apple_artist_search_ephemeral,5,40,424153109,Third,,,apple_album_search_no_auto_match,false
graph_album:album|sound|from the lions mouth:artist_album_resolver_no_safe_album_match,apple_music_artist_album_resolver_pass_v1,album|sound|from the lions mouth,graph_album,album,The Sound,From the Lions Mouth,1981,us,artist_album_resolver_no_safe_album_match,1484831706,existing_graph_artist_link,0,,,,,,apple_album_search_no_auto_match,false
graph_album:album|sugarhill gang|sugarhill gang:artist_album_resolver_no_safe_album_match,apple_music_artist_album_resolver_pass_v1,album|sugarhill gang|sugarhill gang,graph_album,album,The Sugarhill Gang,Sugarhill Gang,1980,us,artist_album_resolver_no_safe_album_match,24176035,existing_graph_artist_link,6,52,65616560,Rapper's Delight: The Best of the Sugarhill Gang,,,apple_album_search_no_auto_match,false
graph_album:album|tommy james and the shondells|cellophane symphony:artist_album_resolver_no_safe_album_match,apple_music_artist_album_resolver_pass_v1,album|tommy james and the shondells|cellophane symphony,graph_album,album,Tommy James and the Shondells,Cellophane Symphony,1969,us,artist_album_resolver_no_safe_album_match,28426427,apple_artist_search_ephemeral,9,45,59412520,Crimson & Clover,,,apple_album_search_no_results,false
graph_album:album|various artists|aladdin:artist_album_resolver_no_safe_album_match,apple_music_artist_album_resolver_pass_v1,album|various artists|aladdin,graph_album,album,Various Artists,Aladdin,1992,us,artist_album_resolver_no_safe_album_match,275426030,apple_artist_search_ephemeral,4,35,401365101,Nos Grandes Idoles Country Disparus,,,apple_album_search_no_auto_match,false
graph_album:album|various artists|atlantic rhythm and blues 1947 1974:artist_album_resolver_no_safe_album_match,apple_music_artist_album_resolver_pass_v1,album|various artists|atlantic rhythm and blues 1947 1974,graph_album,album,Various Artists,Atlantic Rhythm and Blues 1947-1974,1985,us,artist_album_resolver_no_safe_album_match,275426030,apple_artist_search_ephemeral,3,35,1876794966,Two Of A Kind (Original Motion Picture Soundtrack),,,apple_album_search_no_results,false
graph_album:album|various artists|beauty and the beast:artist_album_resolver_no_safe_album_match,apple_music_artist_album_resolver_pass_v1,album|various artists|beauty and the beast,graph_album,album,Various Artists,Beauty and the Beast,1991,us,artist_album_resolver_no_safe_album_match,275426030,apple_artist_search_ephemeral,5,40,401365101,Nos Grandes Idoles Country Disparus,,,apple_album_search_no_auto_match,false
graph_album:album|various artists|crow:artist_album_resolver_no_safe_album_match,apple_music_artist_album_resolver_pass_v1,album|various artists|crow,graph_album,album,Various Artists,The Crow,1994,us,artist_album_resolver_no_safe_album_match,275426030,apple_artist_search_ephemeral,4,40,1781285037,Cadence Guinéenne,,,apple_album_search_no_auto_match,false
graph_album:album|various artists|dirty dancing:artist_album_resolver_no_safe_album_match,apple_music_artist_album_resolver_pass_v1,album|various artists|dirty dancing,graph_album,album,Various Artists,Dirty Dancing,1987,us,artist_album_resolver_no_safe_album_match,275426030,apple_artist_search_ephemeral,3,35,401365101,Nos Grandes Idoles Country Disparus,,,apple_album_search_no_auto_match,false
graph_album:album|various artists|doo wop box:artist_album_resolver_no_safe_album_match,apple_music_artist_album_resolver_pass_v1,album|various artists|doo wop box,graph_album,album,Various Artists,The Doo Wop Box,1993,us,artist_album_resolver_no_safe_album_match,275426030,apple_artist_search_ephemeral,5,35,401365101,Nos Grandes Idoles Country Disparus,,,apple_album_search_no_auto_match,false
graph_album:album|various artists|dr demento 20th anniversary collection:artist_album_resolver_no_safe_album_match,apple_music_artist_album_resolver_pass_v1,album|various artists|dr demento 20th anniversary collection,graph_album,album,Various Artists,Dr. Demento 20th Anniversary Collection,1991,us,artist_album_resolver_no_safe_album_match,275426030,apple_artist_search_ephemeral,5,40,401365101,Nos Grandes Idoles Country Disparus,,,apple_album_search_no_results,false
graph_album:album|various artists|forrest gump:artist_album_resolver_no_safe_album_match,apple_music_artist_album_resolver_pass_v1,album|various artists|forrest gump,graph_album,album,Various Artists,Forrest Gump,1994,us,artist_album_resolver_no_safe_album_match,275426030,apple_artist_search_ephemeral,4,35,1781285037,Cadence Guinéenne,,,apple_album_search_no_auto_match,false
graph_album:album|various artists|frozen:artist_album_resolver_no_safe_album_match,apple_music_artist_album_resolver_pass_v1,album|various artists|frozen,graph_album,album,Various Artists,Frozen,2013,us,artist_album_resolver_no_safe_album_match,275426030,apple_artist_search_ephemeral,187,37,1440747168,Jazz Loves Disney,,,apple_album_search_no_auto_match,false
graph_album:album|various artists|garden state:artist_album_resolver_no_safe_album_match,apple_music_artist_album_resolver_pass_v1,album|various artists|garden state,graph_album,album,Various Artists,Garden State,2004,us,artist_album_resolver_no_safe_album_match,275426030,apple_artist_search_ephemeral,39,40,1717640317,"Panamá (Latin, Calypso And Funk On The Isthmus 1965 - 75)",,,apple_album_search_no_auto_match,false
graph_album:album|various artists|guardians of the galaxy awesome mix vol 1:artist_album_resolver_no_safe_album_match,apple_music_artist_album_resolver_pass_v1,album|various artists|guardians of the galaxy awesome mix vol 1,graph_album,album,Various Artists,Guardians of the Galaxy: Awesome Mix Vol. 1,2014,us,artist_album_resolver_no_safe_album_match,275426030,apple_artist_search_ephemeral,192,40,1440747168,Jazz Loves Disney,,,apple_album_search_no_auto_match,false
graph_album:album|various artists|hercules:artist_album_resolver_no_safe_album_match,apple_music_artist_album_resolver_pass_v1,album|various artists|hercules,graph_album,album,Various Artists,Hercules,1997,us,artist_album_resolver_no_safe_album_match,275426030,apple_artist_search_ephemeral,5,35,1633661983,1999 대한민국,,,apple_album_search_no_auto_match,false
graph_album:album|various artists|hunchback of notre dame:artist_album_resolver_no_safe_album_match,apple_music_artist_album_resolver_pass_v1,album|various artists|hunchback of notre dame,graph_album,album,Various Artists,The Hunchback of Notre Dame,1996,us,artist_album_resolver_no_safe_album_match,275426030,apple_artist_search_ephemeral,4,40,1633661983,1999 대한민국,,,apple_album_search_no_auto_match,false
graph_album:album|various artists|jock jams volume 1:artist_album_resolver_no_safe_album_match,apple_music_artist_album_resolver_pass_v1,album|various artists|jock jams volume 1,graph_album,album,Various Artists,"Jock Jams, Volume 1",1995,us,artist_album_resolver_no_safe_album_match,275426030,apple_artist_search_ephemeral,4,52,1647220429,로보트 태권V,,,apple_album_search_no_auto_match,false
graph_album:album|various artists|lion king:artist_album_resolver_no_safe_album_match,apple_music_artist_album_resolver_pass_v1,album|various artists|lion king,graph_album,album,Various Artists,The Lion King,1994,us,artist_album_resolver_no_safe_album_match,275426030,apple_artist_search_ephemeral,4,35,1781285037,Cadence Guinéenne,,,apple_album_search_no_auto_match,false
graph_album:album|various artists|mary poppins:artist_album_resolver_no_safe_album_match,apple_music_artist_album_resolver_pass_v1,album|various artists|mary poppins,graph_album,album,Various Artists,Mary Poppins,1964,us,artist_album_resolver_no_safe_album_match,275426030,apple_artist_search_ephemeral,1,44,1638649373,비속의 여인,,,apple_album_search_no_auto_match,false
graph_album:album|various artists|matrix:artist_album_resolver_no_safe_album_match,apple_music_artist_album_resolver_pass_v1,album|various artists|matrix,graph_album,album,Various Artists,The Matrix,1999,us,artist_album_resolver_no_safe_album_match,275426030,apple_artist_search_ephemeral,13,49,1633661983,1999 대한민국,,,apple_album_search_no_auto_match,false
graph_album:album|various artists|moana:artist_album_resolver_no_safe_album_match,apple_music_artist_album_resolver_pass_v1,album|various artists|moana,graph_album,album,Various Artists,Moana,2016,us,artist_album_resolver_no_safe_album_match,275426030,apple_artist_search_ephemeral,223,49,1440747168,Jazz Loves Disney,,,apple_album_search_no_auto_match,false
graph_album:album|various artists|now that s what i call christmas:artist_album_resolver_no_safe_album_match,apple_music_artist_album_resolver_pass_v1,album|various artists|now that s what i call christmas,graph_album,album,Various Artists,Now That's What I Call Christmas!,2001,us,artist_album_resolver_no_safe_album_match,275426030,apple_artist_search_ephemeral,20,35,1633661983,1999 대한민국,,,apple_album_search_no_auto_match,false
graph_album:album|various artists|pulp fiction:artist_album_resolver_no_safe_album_match,apple_music_artist_album_resolver_pass_v1,album|various artists|pulp fiction,graph_album,album,Various Artists,Pulp Fiction,1994,us,artist_album_resolver_no_safe_album_match,275426030,apple_artist_search_ephemeral,4,35,1781285037,Cadence Guinéenne,,,apple_album_search_no_auto_match,false
graph_album:album|various artists|romeo juliet:artist_album_resolver_no_safe_album_match,apple_music_artist_album_resolver_pass_v1,album|various artists|romeo juliet,graph_album,album,Various Artists,Romeo + Juliet,1996,us,artist_album_resolver_no_safe_album_match,275426030,apple_artist_search_ephemeral,5,35,1633661983,1999 대한민국,,,apple_album_search_no_auto_match,false
graph_album:album|various artists|saturday night fever:artist_album_resolver_no_safe_album_match,apple_music_artist_album_resolver_pass_v1,album|various artists|saturday night fever,graph_album,album,Various Artists,Saturday Night Fever,1977,us,artist_album_resolver_no_safe_album_match,275426030,apple_artist_search_ephemeral,3,45,1120285244,1 Fois 5,,,apple_album_search_no_auto_match,false
graph_album:album|various artists|singles:artist_album_resolver_no_safe_album_match,apple_music_artist_album_resolver_pass_v1,album|various artists|singles,graph_album,album,Various Artists,Singles,1992,us,artist_album_resolver_no_safe_album_match,275426030,apple_artist_search_ephemeral,4,35,401365101,Nos Grandes Idoles Country Disparus,,,apple_album_search_no_auto_match,false
graph_album:album|various artists|surf age nuggets:artist_album_resolver_no_safe_album_match,apple_music_artist_album_resolver_pass_v1,album|various artists|surf age nuggets,graph_album,album,Various Artists,Surf-Age Nuggets,1996,us,artist_album_resolver_no_safe_album_match,275426030,apple_artist_search_ephemeral,4,35,1633661983,1999 대한민국,,,apple_album_search_no_auto_match,false
graph_album:album|various artists|tangled:artist_album_resolver_no_safe_album_match,apple_music_artist_album_resolver_pass_v1,album|various artists|tangled,graph_album,album,Various Artists,Tangled,2010,us,artist_album_resolver_no_safe_album_match,275426030,apple_artist_search_ephemeral,137,40,1858725281,Hip-Hop Instrumentals (Mega Rap Pack),,,apple_album_search_no_auto_match,false
graph_album:album|various artists|trainspotting:artist_album_resolver_no_safe_album_match,apple_music_artist_album_resolver_pass_v1,album|various artists|trainspotting,graph_album,album,Various Artists,Trainspotting,1996,us,artist_album_resolver_no_safe_album_match,275426030,apple_artist_search_ephemeral,4,40,1633661983,1999 대한민국,,,apple_album_search_no_auto_match,false
graph_album:album|various artists|twilight:artist_album_resolver_no_safe_album_match,apple_music_artist_album_resolver_pass_v1,album|various artists|twilight,graph_album,album,Various Artists,Twilight,2008,us,artist_album_resolver_no_safe_album_match,275426030,apple_artist_search_ephemeral,97,35,1858725281,Hip-Hop Instrumentals (Mega Rap Pack),,,apple_album_search_no_auto_match,false
graph_album:album|vicente fernandez|un azteca en el azteca:artist_album_resolver_no_safe_album_match,apple_music_artist_album_resolver_pass_v1,album|vicente fernandez|un azteca en el azteca,graph_album,album,Vicente Fernandez,Un Azteca en el Azteca,2016,us,artist_album_resolver_no_safe_album_match,6742830,existing_graph_artist_link,8,68,1145620213,"Un Azteca en el Azteca, Vol. 2 (En Vivo)",,,apple_album_search_no_auto_match,false
graph_album:album|wiggles|big red car:artist_album_resolver_no_safe_album_match,apple_music_artist_album_resolver_pass_v1,album|wiggles|big red car,graph_album,album,The Wiggles,Big Red Car,1995,us,artist_album_resolver_no_safe_album_match,7066283,existing_graph_artist_link,7,40,1871092139,Toot Toot!,,,apple_album_search_no_auto_match,false
graph_album:album|x ray spex|germfree adolescents:artist_album_resolver_no_safe_album_match,apple_music_artist_album_resolver_pass_v1,album|x ray spex|germfree adolescents,graph_album,album,X-Ray Spex,Germfree Adolescents,1978,us,artist_album_resolver_no_safe_album_match,3184330,existing_graph_artist_link,2,107,1760319043,Germ Free Adolescents,,,apple_album_search_no_auto_match,false
graph_album:album|yo yo ma|bach cello suites:artist_album_resolver_no_safe_album_match,apple_music_artist_album_resolver_pass_v1,album|yo yo ma|bach cello suites,graph_album,album,Yo-Yo Ma,Bach: Cello Suites,1983,us,artist_album_resolver_no_safe_album_match,275557,existing_graph_artist_link,23,70,381515547,"Bach: Cello Suites Nos. 1-6, BWV 1007-1012 (2009 Remaster)",,,apple_album_search_no_auto_match,false
